2,Src
2,CK1 delta 
2,CSK
2,Lck
2,PKD1
2,MST2
2,p38 alpha MAPK
2,p38 beta MAPK
2,PAK5
2,MELK
2,ROCK 2
2,MARK3
2,CHK2
2,PAK4
2,PKC alpha 
2,MSK1
2,PKB alpha 
3,PKD1
3,Lck
3,CSK
3,PKA
3,Src
3,p38 alpha MAPK
3,MST2
3,CK1 delta 
3,p38 beta MAPK
3,MELK
3,ERK2
3,CDK2-Cyclin A
3,CHK2
3,ERK1
3,CAMK1
3,PAK5
3,ERK8
3,PAK4
5,PKB beta 
5,PRK2
5,PKB alpha 
5,PKA
5,DYRK1A
5,ROCK 2
5,DYRK3
5,MSK1
5,PIM3
5,PIM1
5,PIM2
5,PKD1
5,HIPK2
5,DYRK2
5,RSK2
5,SmMLCK
5,ERK8
5,PKC alpha 
5,MST2
5,CDK2-Cyclin A
5,RSK1
5,S6K1
5,GSK3 beta 
6,MLK3
6,PIM1
6,PIM3
6,MINK1
6,DYRK3
6,CAMK1
6,MEKK1
6,MAPKAP-K3
6,HER4
6,RSK1
6,NUAK1
6,Src
6,BTK
6,PKB beta 
6,VEGFR1
6,IKK epsilon 
6,YES1
6,RSK2
6,EPH-B2
6,MST4
6,GCK
6,PRAK
6,GSK3 beta 
6,PIM2
6,MLK1
6,TAO1
6,MKK2
6,NEK2a
6,HIPK2
6,SmMLCK
6,MST2
6,MELK
6,Aurora B
6,ERK8
6,PKD1
6,PLK1
6,DYRK1A
6,MKK1
6,PKC zeta 
6,BRSK2
6,TrkA
6,TBK1
6,Aurora C
6,MAPKAP-K2 
6,CLK2
6,JAK2
6,CHK2
6,DYRK2
6,IRAK4
6,SRPK1
6,HIPK1
6,SYK
6,PAK4
6,S6K1
6,MARK3
6,MSK1
6,IKK beta 
6,PAK5
6,EPH-A2
6,PKA
6,CHK1
6,HIPK3
6,MARK4
6,CSK
6,CAMKK beta 
6,SGK1
6,TTK
6,ROCK 2
6,ERK2
6,MARK2
6,EPH-B4
6,FGF-R1
7,SGK1
7,DYRK1A
7,PIM3
7,MSK1
7,DYRK3
7,DYRK2
8,MELK
8,PLK1
8,PKB beta 
8,HIPK2
8,PIM1
8,PRAK
8,PHK
8,PIM3
8,ERK8
8,GSK3 beta 
8,CDK2-Cyclin A
8,CAMKK beta 
8,IRR
8,BTK
8,VEGFR1
9,SmMLCK
9,CAMK1
9,PKB alpha 
9,MAPKAP-K2 
9,MKK1
9,SGK1
9,NEK7
9,PIM3
9,PIM1
9,RSK2
9,PIM2
9,PKB beta 
9,Lck
9,PAK4
9,S6K1
9,RSK1
9,PKA
9,EF2K
9,MSK1
9,JNK3
9,GSK3 beta 
9,NEK6
9,SYK
9,ERK2
9,MELK
9,JNK1
10,GSK3 beta 
10,CDK2-Cyclin A
10,PHK
10,CHK2
10,YES1
10,SYK
10,PAK4
10,TBK1
10,BRSK2
10,IRR
10,PAK5
10,FGF-R1
10,PKC zeta 
11,GSK3 beta 
11,CDK2-Cyclin A
11,ERK8
11,IRR
11,DYRK1A
12,GSK3 beta 
12,PIM3
12,DYRK2
12,PIM1
12,PIM2
12,HIPK2
12,DYRK1A
12,DYRK3
12,ERK8
12,IRR
12,HIPK3
12,CK2
12,p38 delta MAPK
12,JNK2
12,PKB alpha 
12,ROCK 2
12,PAK4
12,Src
12,MNK2
12,JNK3
12,RSK1
12,PKD1
12,CAMKK beta 
12,JNK1
12,PLK1
12,p38 gamma MAPK
12,Aurora C
12,FGF-R1
12,MNK1
12,MARK3
14,PIM3
14,ERK8
14,PKC zeta 
14,IKK beta 
14,SGK1
14,CAMK1
14,CDK2-Cyclin A
14,PIM1
14,PHK
14,DYRK3
14,PKC alpha 
14,MSK1
14,HIPK2
14,PRK2
14,SmMLCK
14,ROCK 2
14,PIM2
14,CK1 delta 
14,BRSK2
14,IRR
14,RSK1
14,CHK2
14,PKD1
14,YES1
15,RSK2
15,PKB beta 
15,Aurora A
15,CAMK1
15,NUAK1
15,MINK1
15,IKK epsilon 
15,VEGFR1
15,BRSK2
16,ERK8
16,p38 alpha MAPK
16,HIPK2
16,Aurora B
16,HIPK3
16,p38 beta MAPK
16,Lck
16,Aurora C
16,MNK2
16,RSK1
16,Src
16,DYRK3
17,NEK2a
17,PLK1
17,MELK
17,PKD1
17,CAMKK beta 
17,SmMLCK
17,IGF-1R
17,CLK2
17,EIF2AK3
17,CHK2
17,RSK2
17,CK1 delta 
17,PHK
17,RSK1
17,HIPK2
17,Lck
17,NEK6
17,IRAK4
17,CAMK1
18,RSK1
18,RSK2
18,PLK1
18,MELK
18,PIM3
18,MST4
18,VEGFR1
18,Aurora A
18,Aurora B
18,MLK3
18,PIM1
18,MST2
18,MINK1
18,GCK
18,TAO1
18,TrkA
18,CAMKK beta 
18,NUAK1
18,TAK1
18,CLK2
18,PAK4
18,MLK1
18,JAK2
18,FGF-R1
18,IR
18,IGF-1R
18,HIPK2
18,TIE2
18,CDK2-Cyclin A
18,STK33
18,IRR
18,GSK3 beta 
18,BRSK2
18,YES1
18,MKK2
18,MARK4
18,TBK1
18,DYRK3
18,PAK5
18,TTK
18,IKK epsilon 
18,MARK3
18,IRAK4
18,CK1 delta 
18,MARK1
18,Lck
18,PAK6
18,PKC alpha 
18,SYK
18,MARK2
18,ERK8
18,ABL
18,S6K1
18,ERK1
18,BRSK1
18,EPH-B3
18,PKC gamma 
18,DYRK2
18,BTK
18,SmMLCK
18,DYRK1A
18,MKK1
18,EPH-B2
18,LKB1
19,SGK1
19,PDK1
19,PHK
19,ERK8
19,MST2
19,BTK
19,FGF-R1
19,SYK
19,VEGFR1
19,HIPK2
19,Lck
19,S6K1
19,CHK2
19,CDK2-Cyclin A
19,MELK
19,YES1
19,Src
19,PIM3
19,AMPK
19,CAMKK beta 
19,IGF-1R
19,TBK1
19,RSK1
19,MSK1
19,CAMK1
19,PAK4
19,GSK3 beta 
19,IKK epsilon 
19,CHK1
19,PAK5
19,MARK3
19,EPH-A2
19,MST4
19,BRSK2
19,NEK6
19,TrkA
19,SmMLCK
19,ROCK 2
19,DYRK1A
19,PIM2
19,BRSK1
19,MLK3
19,IRR
19,CSK
19,IR
19,PAK6
19,PIM1
19,PRAK
19,PKB beta 
19,PKC alpha 
19,EPH-B3
19,PKA
19,p38 beta MAPK
19,DYRK2
19,MAPKAP-K2 
19,MKK1
19,CK1 delta 
19,RSK2
19,PLK1
19,ERK1
19,p38 gamma MAPK
19,PRK2
19,JNK2
19,PKC zeta 
19,JNK1
19,DYRK3
19,MLK1
19,MNK2
19,Aurora A
20,p38 alpha MAPK
20,JNK2
20,p38 beta MAPK
20,VEGFR1
20,RSK1
20,p38 gamma MAPK
20,FGF-R1
20,p38 delta MAPK
20,BRSK2
20,RSK2
22,IKK beta 
22,ERK8
22,NUAK1
22,DYRK2
23,IKK epsilon 
23,Aurora B
23,TBK1
23,Aurora C
23,PDK1
23,MARK3
23,MELK
23,AMPK
23,FGF-R1
23,ERK8
23,CAMKK beta 
23,GSK3 beta 
23,BRSK2
23,PAK4
23,MKK1
23,MNK2
23,CHK1
23,CDK2-Cyclin A
23,RSK1
23,PAK5
23,Src
23,RSK2
23,Lck
23,PRK2
23,DYRK3
23,p38 beta MAPK
23,SGK1
23,CHK2
23,PKD1
23,CAMKK alpha 
24,CHK2
24,MKK1
24,ERK8
24,AMPK
24,MELK
24,MST2
24,BRSK2
24,VEGFR1
24,MARK3
24,PHK
24,DYRK2
24,FGF-R1
24,RSK2
24,PDK1
24,CHK1
24,RSK1
24,PIM3
24,PKD1
24,DYRK3
24,PRK2
24,YES1
24,TBK1
24,IRR
24,GSK3 beta 
25,CHK2
25,PDK1
25,PHK
25,MELK
25,DYRK2
25,MST2
25,MKK1
25,ERK8
25,SmMLCK
25,CHK1
25,DYRK3
25,HIPK2
25,Src
25,FGF-R1
25,IGF-1R
25,VEGFR1
25,PIM1
25,PKD1
25,GSK3 beta 
25,MARK3
25,Lck
25,YES1
25,ERK1
25,AMPK
25,PRK2
25,RSK1
25,IRR
25,SGK1
25,CDK2-Cyclin A
25,TBK1
25,ROCK 2
25,PIM3
25,SYK
25,PRAK
25,PIM2
25,PAK5
25,BTK
25,BRSK2
25,MAPKAP-K2 
25,DYRK1A
25,IKK epsilon 
25,S6K1
25,ERK2
25,MNK2
25,JNK2
25,MST4
25,PLK1
25,CAMK1
25,CK1 delta 
25,EPH-A2
25,PKC zeta 
25,CK2
25,p38 delta MAPK
25,RSK2
25,IKK beta 
25,IR
25,PKC alpha 
25,NEK2a
25,PAK4
25,MSK1
25,MNK1
25,PKA
25,CAMKK beta 
25,PKB beta 
25,SRPK1
25,NEK6
25,PAK6
25,CSK
25,p38 alpha MAPK
25,JNK1
25,p38 beta MAPK
26,CDK2-Cyclin A
26,BRSK2
26,IKK epsilon 
26,PDK1
26,PRK2
26,MNK1
26,Aurora B
26,AMPK
26,TAK1
26,MKK1
26,ERK8
26,ROCK 2
26,PKD1
26,PHK
26,CHK1
26,CHK2
26,Aurora C
26,MARK3
26,FGF-R1
26,TBK1
26,Aurora A
26,MLK3
26,JAK2
26,GSK3 beta 
26,RSK1
26,MELK
26,DYRK3
26,ERK1
26,MARK2
26,MLK1
26,ERK2
26,S6K1
26,MNK2
26,PAK4
26,SYK
26,DYRK2
26,NEK2a
26,NUAK1
26,SGK1
26,MARK1
26,VEGFR1
26,MARK4
26,PKA
26,PKC alpha 
26,CAMKK beta 
26,Src
26,IRR
26,GCK
26,RSK2
26,YES1
26,CAMK1
26,MST4
26,CLK2
26,HIPK2
26,Lck
26,MST2
26,PAK5
26,JNK1
26,PAK6
26,JNK2
26,p38 gamma MAPK
26,PIM3
26,IRAK4
26,MSK1
26,p38 delta MAPK
26,TrkA
26,MEKK1
26,HIPK3
26,BRSK1
26,DYRK1A
26,JNK3
26,CK2
26,DAPK1
26,IKK beta 
26,PRAK
26,PKB alpha 
28,CK1 delta 
28,MNK1
28,BRSK2
28,Aurora B
28,MKK1
28,PIM3
28,Lck
28,YES1
28,ERK8
28,ERK1
28,CHK1
28,CDK2-Cyclin A
28,MNK2
28,Src
28,EPH-A2
28,PHK
28,DYRK2
28,FGF-R1
28,PIM1
28,PDK1
28,DYRK3
28,IRR
28,CHK2
28,RSK1
28,SGK1
28,RSK2
28,MST2
28,Aurora C
28,MARK3
31,MLK3
31,MINK1
31,NEK6
31,VEGFR1
31,CAMK1
31,MLK1
31,NEK2a
31,TIE2
31,IKK beta 
31,IKK epsilon 
31,HIPK3
31,PKB beta 
31,GCK
31,IRAK4
31,ERK8
31,FGF-R1
31,DYRK3
31,HIPK2
31,BTK
31,Src
31,BRSK1
31,MAPKAP-K3
31,YES1
31,RSK2
31,SYK
33,GSK3 beta 
33,PKC alpha 
33,MELK
33,CDK2-Cyclin A
33,AMPK
33,PLK1
33,PKD1
33,DYRK1A
33,CAMKK alpha 
33,MSK1
34,CK1 delta 
34,SGK1
34,MNK1
34,PIM1
34,PIM3
34,ERK8
34,AMPK
34,DYRK1A
34,MSK1
34,BRSK2
34,DYRK3
34,PRK2
34,RSK1
34,S6K1
35,CLK2
35,ERK8
35,PHK
35,CK1 delta 
35,DYRK1A
35,MINK1
35,DYRK3
35,GCK
35,TAK1
35,Lck
35,EPH-B4
35,HIPK2
35,EPH-B1
35,MLK3
35,RIPK2
35,CDK2-Cyclin A
35,CK2
35,YES1
35,DYRK2
35,EPH-A4
35,EPH-B2
35,EPH-B3
35,IRAK4
35,FGF-R1
35,TrkA
35,PRK2
35,Src
35,MSK1
35,VEGFR1
35,AMPK
35,MELK
35,Aurora B
35,NUAK1
35,CSK
35,ROCK 2
35,HIPK1
35,MNK1
35,MARK3
35,TBK1
35,CAMKK beta 
35,GSK3 beta 
35,IRR
35,RSK1
35,IKK epsilon 
35,IR
35,SGK1
35,Aurora A
35,MNK2
35,MLK1
35,BRSK2
35,S6K1
35,HIPK3
35,BTK
35,TTK
35,DAPK1
35,PKB alpha 
35,CHK2
35,BRSK1
35,SYK
35,PKB beta 
35,EPH-A2
35,PKA
35,PAK4
35,MARK1
35,CHK1
35,PIM1
35,p38 beta MAPK
35,RSK2
41,DYRK2
41,PHK
41,DYRK1A
41,DYRK3
41,MLK3
41,CLK2
41,GCK
41,RIPK2
41,HIPK2
41,ERK8
41,PIM1
41,PIM3
41,MINK1
41,RSK1
41,CHK2
41,PIM2
41,MLK1
41,PKB beta 
41,VEGFR1
41,IKK epsilon 
41,IRR
41,CAMK1
41,TrkA
41,CAMKK beta 
41,Aurora A
41,TTK
41,RSK2
41,S6K1
41,YES1
41,FGF-R1
41,HIPK3
41,IRAK4
41,BTK
41,MELK
41,MEKK1
41,SRPK1
41,MST2
41,HER4
41,NUAK1
41,SmMLCK
41,TAO1
41,DAPK1
41,PKC alpha 
41,HIPK1
41,TAK1
41,ROCK 2
42,CK1 delta 
42,p38 alpha MAPK
42,PKD1
43,DYRK2
43,PKB beta 
43,EPH-B3
43,PKC zeta 
43,PRAK
43,DYRK3
43,NEK2a
43,SRPK1
43,RSK2
43,MARK3
43,DYRK1A
43,FGF-R1
43,PLK1
43,PAK6
43,Aurora B
43,YES1
43,PIM1
43,HIPK2
43,PKD1
43,ERK1
43,PIM3
43,BTK
43,CAMK1
43,IGF-1R
43,ERK8
43,VEGFR1
43,IKK beta 
43,Src
43,MAPKAP-K2 
43,PAK4
43,BRSK2
43,MST4
43,IKK epsilon 
43,IRR
43,PAK5
43,S6K1
43,MST2
43,MSK1
43,RSK1
43,PIM2
44,Src
44,Lck
44,S6K1
44,MNK1
44,CAMKK beta 
45,MKK1
45,ERK8
45,HIPK2
45,CLK2
45,IRR
45,JNK1
45,CDK2-Cyclin A
45,DYRK2
45,YES1
45,SGK1
45,S6K1
45,IGF-1R
45,JNK2
46,CK1 delta 
46,PIM2
46,DYRK1A
46,Aurora B
46,MNK2
46,ERK8
46,SmMLCK
46,GSK3 beta 
46,GCK
46,RIPK2
46,MNK1
46,PIM3
46,DYRK3
46,SGK1
46,PIM1
46,PRK2
46,CLK2
46,Lck
46,MSK1
46,CK2
46,IRR
46,S6K1
46,DYRK2
46,CHK2
46,Src
46,JAK2
47,RSK1
47,PKC alpha 
47,MSK1
47,PHK
47,DYRK1A
47,SGK1
47,GSK3 beta 
47,CDK2-Cyclin A
47,S6K1
47,AMPK
47,PKD1
47,CHK1
47,MAPKAP-K2 
47,PKB alpha 
47,PKA
47,Lck
47,ROCK 2
47,MKK1
48,Lck
48,EPH-B2
48,EPH-B3
48,RIPK2
48,MELK
48,EPH-A2
48,HER4
48,IR
48,YES1
49,MST2
49,PKC alpha 
49,PHK
49,CHK1
49,PRK2
49,RSK2
49,PIM3
49,PAK4
49,PKD1
49,MSK1
49,PAK5
49,PAK6
49,RSK1
49,CDK2-Cyclin A
49,PDK1
49,S6K1
49,CAMKK beta 
49,AMPK
49,MARK3
49,MELK
49,PIM1
49,Aurora B
49,GSK3 beta 
49,Aurora C
49,HIPK2
49,SmMLCK
49,DYRK1A
49,DYRK3
49,MNK2
49,ERK8
49,CAMKK alpha 
49,ERK2
49,BRSK2
49,MKK1
50,RSK2
50,PKC alpha 
50,PIM1
50,PIM3
50,S6K1
50,PIM2
50,PKA
50,MST2
50,MSK1
50,PDK1
50,SmMLCK
50,PRK2
50,CHK1
50,RSK1
50,GSK3 beta 
50,SGK1
50,BRSK2
50,Aurora C
50,PKB alpha 
50,MELK
50,CHK2
50,PHK
50,Aurora B
50,PKB beta 
50,MKK1
50,CAMK1
50,AMPK
50,DYRK3
50,HIPK2
50,MARK3
50,JNK2
50,p38 delta MAPK
50,CAMKK beta 
50,DYRK1A
50,Lck
50,PKD1
52,PIM1
52,PIM3
52,DYRK1A
52,PIM2
52,MST2
52,RSK2
52,DYRK3
52,HIPK2
52,RSK1
52,GSK3 beta 
52,PLK1
52,DYRK2
52,HIPK3
52,Lck
52,ROCK 2
52,CK2
52,Aurora B
52,CHK2
52,SRPK1
52,PHK
52,p38 alpha MAPK
52,MARK3
52,ERK8
52,MELK
52,CAMKK beta 
52,PKD1
52,SmMLCK
52,PRAK
52,Aurora C
52,PKC zeta 
52,PAK4
52,MKK1
52,AMPK
52,SGK1
52,S6K1
52,MAPKAP-K3
52,PKC alpha 
52,MSK1
52,p38 beta MAPK
52,NEK2a
52,IKK beta 
52,PRK2
52,CAMKK alpha 
52,CAMK1
52,FGF-R1
52,Src
53,ROCK 2
53,PRK2
53,Aurora B
53,Aurora C
53,RSK1
53,PHK
53,AMPK
53,PKA
53,FGF-R1
53,BRSK2
53,MSK1
53,RSK2
53,EPH-A2
53,MNK1
53,MARK3
53,MELK
53,NUAK1
53,LKB1
54,PRK2
54,ROCK 2
54,RSK1
54,AMPK
54,MELK
54,MSK1
54,PKD1
54,RSK2
54,PKA
54,PKC alpha 
55,PRK2
55,ROCK 2
55,RSK1
55,AMPK
55,PKA
55,MELK
55,MSK1
55,DYRK3
55,RSK2
55,PKD1
55,PKB alpha 
55,GSK3 beta 
55,BRSK2
55,S6K1
56,PKA
56,S6K1
56,NUAK1
56,PKB alpha 
56,MSK1
56,ROCK 2
56,PRK2
56,RSK1
56,STK33
56,PKB beta 
56,ERK8
56,VEGFR1
56,CHK2
56,AMPK (hum)
56,DYRK3
56,SGK1
56,RSK2
56,CHK1
56,GCK
56,AMPK
56,FGF-R1
56,MARK3
56,BRSK2
56,PKD1
56,MINK1
56,PKC zeta 
56,MARK2
56,PKC gamma 
56,MELK
56,BRSK1
56,IRAK1
56,CDK2-Cyclin A
56,DAPK1
56,Aurora B
56,MKK2
56,CAMK1
56,MST3
56,MAP4K3
56,SIK2
57,ROCK 2
57,ERK8
57,RSK1
57,PRK2
57,MSK1
57,PKA
57,NUAK1
57,S6K1
57,DYRK3
57,RSK2
57,PKD1
57,CHK2
57,TAK1
58,DYRK1A
58,ERK8
58,DYRK3
60,DYRK1A
61,DYRK1A
61,DYRK3
61,DYRK2
61,IRR
62,CK1 delta 
62,PIM3
62,PIM1
62,Lck
63,MLK3
63,MLK1
63,VEGFR1
63,Aurora B
63,TAK1
63,CDK2-Cyclin A
63,NUAK1
63,IKK beta 
63,GCK
63,JAK2
63,IGF-1R
63,BTK
63,Aurora A
63,MST2
63,EPH-B3
63,MKK2
63,MINK1
63,IRAK4
63,ASK1
63,Src
63,YES1
63,CHK2
63,MEKK1
63,EPH-B1
63,FGF-R1
63,EPH-B2
63,MST4
63,DAPK1
63,TAO1
63,EPH-A4
63,HER4
63,MKK1
63,RSK1
63,ERK8
63,AMPK
63,TrkA
63,BRSK1
63,RIPK2
63,IKK epsilon 
63,PHK
63,EPH-A2
63,LKB1
63,PAK4
63,PDK1
63,EPH-B4
63,CAMK1
63,CLK2
63,RSK2
63,Lck
63,PIM2
63,TBK1
63,PIM3
63,SYK
63,CHK1
63,PIM1
63,PAK5
63,PRK2
63,SmMLCK
63,BRSK2
63,PKC alpha 
63,MARK1
63,MARK3
63,MELK
63,PKD1
63,IR
63,GSK3 beta 
63,HIPK2
63,PAK6
63,DYRK2
64,MINK1
64,MLK3
64,PHK
64,Aurora B
64,Aurora A
64,IKK epsilon 
64,IRAK4
64,RIPK2
64,MST2
64,GCK
64,MLK1
64,AMPK
64,VEGFR1
64,ERK8
64,TBK1
64,CLK2
64,JAK2
64,CHK2
64,EPH-B3
64,TAO1
64,TrkA
64,RSK1
64,BRSK2
64,MARK3
64,MARK1
64,HIPK2
64,Lck
64,MNK1
64,BRSK1
64,NUAK1
64,MNK2
64,MARK2
64,NEK2a
64,PAK4
64,MARK4
64,YES1
64,EPH-A4
64,BTK
64,MST4
64,FGF-R1
64,EPH-B2
65,IRAK4
65,CLK2
65,CK1 delta 
65,IRAK1
65,MINK1
65,TAK1
65,TrkA
65,DYRK1A
65,MLK3
65,GCK
65,PHK
65,VEGFR1
65,CAMKK beta 
65,DYRK3
65,SRPK1
65,MLK1
65,IRR
66,PHK
66,MKK1
66,Aurora A
66,MAPKAP-K2 
66,DYRK1A
66,IGF-1R
66,CHK1
66,ERK8
66,RSK1
66,RSK2
66,CDK2-Cyclin A
66,DYRK2
66,DYRK3
66,JAK2
66,JNK1
66,MSK1
66,MARK3
66,PAK6
66,IR
66,IKK epsilon 
66,PIM1
66,CLK2
66,MST2
66,MEKK1
66,IRAK4
66,ERK2
66,JNK2
66,PKA
66,GSK3 beta 
66,NUAK1
66,PIM2
66,PIM3
66,HIPK2
66,IRAK1
66,IRR
66,TrkA
66,VEGFR1
66,JNK3
66,PDK1
66,BRSK2
66,TBK1
66,MINK1
66,MLK3
66,S6K1
66,PKC zeta 
66,CAMK1
66,TLK1
66,PAK4
66,GCK
66,TAK1
66,FGF-R1
66,PKD1
66,SmMLCK
66,CHK2
66,AMPK
66,RIPK2
66,BTK
66,PRK2
66,IKK beta 
66,HIPK3
66,PAK2
66,PAK5
66,OSR1
66,Src
66,BRK
66,MELK
66,PKC alpha 
66,Aurora B
66,SYK
66,MKK2
66,PKB alpha 
66,CAMKK beta 
66,BRSK1
66,TAO1
66,MNK2
66,DAPK1
66,MARK1
66,Lck
66,STK33
66,ASK1
66,YES1
66,ZAP70
66,MARK4
66,p38 gamma MAPK
66,PRAK
66,HIPK1
66,TIE2
66,EPH-A4
66,ERK1
66,SGK1
66,EPH-A2
66,EPH-B2
66,MST4
66,LKB1
66,p38 delta MAPK
66,MAPKAP-K3
66,ROCK 2
66,MPSK1
66,HER4
66,EIF2AK3
66,MLK1
66,EPH-B3
66,SRPK1
66,TTK
66,PKB beta 
66,EPH-B1
66,MARK2
66,NEK2a
66,CSK
66,EPH-B4
66,p38 beta MAPK
66,MNK1
66,PKC gamma 
66,PLK1
66,MKK6
66,ABL
66,p38 alpha MAPK
67,GSK3 beta 
67,PAK4
67,PAK5
67,CDK2-Cyclin A
67,PHK
67,CHK2
67,PIM3
67,Lck
67,MARK3
67,Src
67,PAK6
67,BRSK2
67,MST2
67,ROCK 2
67,PIM1
67,Aurora B
69,Lck
69,CAMK1
69,DYRK1A
69,PRAK
70,CAMK1
70,SmMLCK
70,TrkA
71,PDK1
71,PHK
71,PIM3
71,PRK2
71,PKD1
71,MNK2
71,Aurora B
71,BRSK2
71,MELK
71,Aurora C
71,AMPK
71,RSK1
71,CHK1
71,RSK2
71,SGK1
71,MKK1
71,MST2
71,CAMKK beta 
71,MAPKAP-K2 
71,MARK3
71,PAK4
71,JNK1
71,DYRK1A
71,MSK1
71,DYRK3
71,PIM1
71,JNK3
71,PKA
72,MKK1
72,HIPK3
72,PLK1
72,Aurora B
72,GSK3 beta 
72,PHK
72,IKK epsilon 
72,YES1
72,MNK2
72,SmMLCK
72,FGF-R1
72,EF2K
72,HIPK2
72,CHK2
72,CK1 delta 
72,Aurora C
72,MNK1
72,p38 delta MAPK
72,CK2
73,CK2
73,PIM3
73,PIM1
73,PLK1
73,HIPK2
73,GSK3 beta 
73,DYRK1A
73,HIPK3
73,CK1 delta 
73,PIM2
73,RSK1
73,DYRK3
73,Lck
73,ERK8
73,PHK
73,SmMLCK
73,CDK2-Cyclin A
73,BRSK2
73,EF2K
73,PRK2
73,IKK beta 
73,PKC alpha 
73,CAMKK beta 
74,PIM1
74,PIM3
74,PKC alpha 
74,RSK2
74,IKK epsilon 
74,TBK1
74,MST2
74,MSK1
74,PDK1
74,S6K1
74,GSK3 beta 
74,RSK1
74,AMPK
74,HIPK2
74,ERK8
74,PRK2
74,Aurora B
74,CAMKK beta 
74,PHK
74,MKK1
74,MST4
74,VEGFR1
74,CHK1
74,PIM2
74,DYRK1A
74,SmMLCK
74,IGF-1R
74,CHK2
74,DYRK2
74,CDK2-Cyclin A
77,PIM3
77,PIM1
77,SmMLCK
77,PRK2
77,BRSK2
77,CK2
77,PIM2
77,HIPK2
77,IKK beta 
77,CAMK1
77,MSK1
77,S6K1
78,PRK2
78,BRSK2
78,ROCK 2
78,PIM1
78,PIM3
78,MSK1
78,RSK1
78,S6K1
78,CDK2-Cyclin A
78,CAMK1
78,RSK2
78,PKA
78,CK2
78,PKC alpha 
78,MNK1
78,DYRK3
78,SmMLCK
78,AMPK
78,PRAK
78,MNK2
78,PIM2
78,HIPK2
78,PKB alpha 
78,DYRK1A
78,PHK
78,PKD1
78,ERK8
78,PKC zeta 
81,MKK1
82,NEK6
82,MELK
82,Lck
82,CAMKK beta 
82,MST2
82,DYRK1A
83,MKK1
83,JAK2
83,MKK2
84,MKK1
84,RSK1
85,SmMLCK
85,DYRK3
85,PIM3
85,RSK1
85,ERK8
85,GSK3 beta 
86,DYRK2
86,PIM1
86,DYRK1A
86,PIM3
86,CLK2
86,MLK1
86,MLK3
86,IR
86,MST2
86,DYRK3
86,SmMLCK
86,BRSK2
86,NEK2a
86,BRSK1
86,VEGFR1
86,NUAK1
86,FGF-R1
86,Src
86,HIPK2
87,MKK2
88,RIPK2
88,VEGFR1
88,YES1
88,MINK1
88,Aurora B
88,CLK2
88,Src
88,Aurora A
88,MELK
88,MKK2
88,GCK
88,CAMK1
88,CHK1
88,FGF-R1
88,MLK3
88,MLK1
88,Lck
88,SmMLCK
88,PAK2
88,MST2
88,ERK8
88,MKK1
88,JAK2
88,PAK4
88,HIPK2
88,PAK5
88,HER4
89,Src
89,YES1
89,BRSK2
89,Lck
89,BTK
89,CK1 delta 
89,CSK
89,EPH-B3
89,p38 beta MAPK
89,EPH-A2
89,p38 alpha MAPK
89,S6K1
89,VEGFR1
89,Aurora C
89,FGF-R1
89,MELK
89,PKA
89,MST2
89,Aurora B
89,PKD1
89,JNK2
89,ROCK 2
89,MSK1
89,RSK1
89,JNK3
89,MNK1
90,Lck
90,EPH-B1
90,EPH-B3
90,RIPK2
90,CSK
90,EPH-B4
90,Src
90,EPH-A4
90,BTK
90,EPH-B2
90,YES1
90,CK1 delta 
90,HER4
90,FGF-R1
90,EPH-A2
90,MKK1
90,p38 alpha MAPK
90,p38 beta MAPK
90,VEGFR1
90,PKA
90,MELK
90,MKK2
90,PKC alpha 
90,TrkA
90,MSK1
90,MLK3
90,SmMLCK
91,Aurora A
91,EPH-A4
91,ERK8
91,CLK2
91,IR
91,PHK
91,IRAK4
91,Src
91,IGF-1R
91,CDK2-Cyclin A
91,AMPK
91,MST2
91,CHK2
91,EPH-B2
91,EPH-B4
91,TrkA
91,p38 delta MAPK
91,SmMLCK
91,MELK
91,HIPK1
91,HIPK2
91,MEKK1
91,Lck
91,RSK1
91,YES1
91,EPH-B3
91,Aurora B
91,NUAK1
91,LKB1
91,MINK1
91,RIPK2
91,BTK
91,CSK
91,S6K1
91,PKC alpha 
91,CAMK1
91,PIM1
91,SRPK1
91,FGF-R1
91,EPH-A2
91,PAK2
91,HIPK3
91,MST4
91,MLK1
91,RSK2
91,CAMKK beta 
91,VEGFR1
91,PAK4
91,PIM3
91,MSK1
91,PAK5
91,PAK6
91,TAK1
91,SYK
91,JAK2
91,PRK2
91,GCK
91,TAO1
91,EPH-B1
91,GSK3 beta 
91,MKK1
91,BRSK2
91,SGK1
91,BRSK1
91,TTK
91,MARK4
91,DYRK3
91,MARK2
91,p38 gamma MAPK
91,PKD1
91,PKB beta 
91,p38 alpha MAPK
91,p38 beta MAPK
92,IKK beta 
92,PIM3
92,PIM1
92,ERK8
92,MNK1
92,GSK3 beta 
92,DYRK1A
92,PIM2
92,DYRK3
93,Src
93,CDK2-Cyclin A
93,CLK2
93,MLK1
93,PAK4
93,YES1
93,ERK8
93,MLK3
93,TrkA
93,TAK1
93,CAMKK beta 
93,IRAK4
93,DYRK1A
93,MST2
93,PAK5
93,EPH-B2
93,SRPK1
93,BTK
93,IRR
93,Lck
93,SmMLCK
93,MEKK1
93,EPH-B4
93,IGF-1R
93,GCK
93,ABL
93,EPH-A4
93,RSK1
93,MST4
95,DYRK2
95,DYRK3
95,PIM3
95,HIPK2
95,PIM1
95,MELK
95,ERK8
95,HIPK3
95,BRSK2
95,CHK2
95,RSK1
95,S6K1
95,SmMLCK
95,MSK1
95,AMPK
95,DYRK1A
95,RSK2
95,ROCK 2
95,PRK2
95,PHK
95,Aurora B
95,SGK1
95,PIM2
95,JAK2
95,CAMKK beta 
95,MST2
95,CHK1
95,CAMKK alpha 
95,Aurora C
95,TAO1
95,MNK2
95,CDK2-Cyclin A
95,MLK3
95,GSK3 beta 
95,CAMK1
95,MARK3
95,MLK1
95,CK1 delta 
95,IKK beta 
95,Src
95,HIPK1
95,CK2
95,IR
96,MSK1
96,CLK2
96,RSK2
96,PRK2
96,PKC alpha 
96,GSK3 beta 
96,PIM3
96,TrkA
96,RSK1
96,PKB alpha 
96,SGK1
96,S6K1
96,IGF-1R
96,VEGFR1
96,CDK2-Cyclin A
96,ERK8
96,PKC zeta 
96,SmMLCK
96,DYRK1A
96,DYRK3
96,MINK1
96,MLK3
96,PKB beta 
96,PKA
96,PHK
96,NUAK1
96,PIM1
96,PIM2
96,GCK
96,CAMKK beta 
96,CHK1
96,DAPK1
96,CHK2
96,TBK1
96,SRPK1
96,MKK1
96,MKK2
96,STK33
96,TAO1
96,HIPK1
96,HIPK2
96,MST2
96,TAK1
96,PDK1
96,BTK
96,CAMK1
96,MARK2
96,Lck
96,FGF-R1
96,MLK1
96,BRSK2
96,HIPK3
96,MST4
96,HER4
96,PKC gamma 
96,MARK3
96,IRAK4
96,TTK
96,JAK2
96,AMPK
96,PAK4
96,YES1
96,EPH-A4
96,IRR
96,EPH-A2
96,EPH-B2
96,ROCK 2
96,SYK
96,Aurora B
96,BRSK1
96,PKD1
96,MELK
96,MARK4
96,IKK epsilon 
96,PAK5
96,TIE2
96,LKB1
96,EPH-B4
96,p38 delta MAPK
96,PAK2
96,MARK1
96,ERK1
96,PAK6
96,JNK1
96,JNK2
96,MAPKAP-K2 
97,CDK2-Cyclin A
97,ERK8
97,DYRK1A
97,CK1 delta 
97,PAK4
97,IRR
97,ERK2
97,IR
97,CAMKK beta 
98,PRAK
98,PKA
98,PIM3
98,MAPKAP-K3
98,DYRK3
98,SRPK1
98,CHK2
98,MAPKAP-K2 
98,PKB beta 
98,DYRK1A
98,IKK beta 
98,SmMLCK
98,RSK1
98,DYRK2
98,PAK4
98,PLK1
98,JNK1
98,SGK1
98,RSK2
98,PIM1
98,BRSK2
98,CAMKK beta 
98,S6K1
98,GSK3 beta 
98,CAMK1
98,MELK
98,YES1
98,Aurora C
98,Aurora B
100,CK1 delta 
100,p38 alpha MAPK
100,p38 beta MAPK
100,GSK3 beta 
100,JNK2
100,AMPK
100,Lck
100,JNK3
100,RSK1
100,CSK
100,PKC alpha 
100,Src
101,GSK3 beta 
101,ERK8
101,DYRK1A
101,SRPK1
101,HIPK2
101,PIM3
101,MST2
101,IRR
101,RSK1
101,RSK2
101,SmMLCK
101,HIPK3
101,NEK6
101,CAMKK beta 
101,YES1
101,PIM2
101,MST4
102,GSK3 beta 
102,TBK1
102,ERK8
102,MST2
102,CDK2-Cyclin A
102,MST4
102,FGF-R1
102,IKK epsilon 
102,MKK1
102,RSK2
102,CAMKK beta 
102,MARK3
102,DYRK1A
102,RSK1
102,AMPK
102,IRR
102,PIM1
102,BRSK2
102,PKC alpha 
102,PRK2
102,PIM2
102,PIM3
103,PIM3
103,IKK beta 
103,ERK8
103,PIM1
103,PRK2
103,Aurora B
103,HIPK2
103,DYRK3
103,DYRK1A
103,PKD1
103,PIM2
103,ROCK 2
103,Aurora C
111,RSK1
111,RSK2
111,Aurora B
111,PIM3
114,Aurora B
114,MELK
114,CK1 delta 
114,PIM3
114,DYRK2
114,Aurora C
114,JNK1
114,JNK2
114,PKD1
114,SGK1
114,PHK
114,DYRK3
114,MST2
114,SmMLCK
114,HIPK2
114,PIM1
114,CAMKK beta 
114,DYRK1A
114,ERK8
114,BRSK2
114,CHK2
114,AMPK
114,JNK3
114,IKK beta 
114,CDK2-Cyclin A
114,MARK3
115,YES1
115,CHK2
115,Src
115,CSK
115,Lck
115,FGF-R1
115,Aurora B
115,MKK1
115,RSK1
115,Aurora C
115,SmMLCK
115,MNK2
116,SmMLCK
116,PIM1
116,PHK
116,CLK2
116,CAMK1
116,PIM3
116,IRAK4
116,DAPK1
116,IGF-1R
116,TrkA
116,RSK1
116,HIPK2
116,MLK1
116,CAMKK beta 
116,MEKK1
116,RSK2
117,ERK8
117,CAMKK beta 
117,DAPK1
117,GSK3 beta 
117,MNK1
117,PIM2
117,CK2
117,GCK
117,MLK3
117,VEGFR1
117,DYRK1A
117,RIPK2
117,CHK2
117,PIM3
117,TBK1
117,IKK epsilon 
117,AMPK
117,EF2K
117,DYRK2
117,NUAK1
117,DYRK3
117,MEKK1
117,CLK2
117,PIM1
117,MLK1
117,PHK
117,IRR
117,IR
117,MKK1
117,CK1 delta 
117,TAK1
117,MINK1
117,YES1
117,HIPK2
118,PHK
118,Aurora B
118,MST2
118,CHK2
118,RSK1
118,SGK1
118,RSK2
118,IR
118,MLK3
118,S6K1
118,CK1 delta 
118,MKK1
118,SmMLCK
118,MEKK1
118,TrkA
118,Lck
118,CHK1
118,VEGFR1
118,MARK3
118,CLK2
118,MINK1
118,NUAK1
118,IRAK4
118,AMPK
118,MLK1
118,DYRK1A
119,JAK2
119,IRAK1
119,MAP4K3
119,ULK1
119,Aurora B
119,Aurora A
119,AMPK (hum)
119,YES1
119,MAP4K5
119,TrkA
119,CLK2
119,BRSK2
119,NUAK1
119,SRPK1
119,MST2
119,GCK
119,IRAK4
119,ULK2
119,Aurora C
119,CAMKK beta 
119,AMPK
119,CHK2
119,Src
119,Lck
119,BRSK1
119,ROCK 2
119,VEGFR1
119,CAMKK alpha 
119,PRK2
119,MARK4
119,IKK epsilon 
119,FGF-R1
119,MST4
119,STK33
119,MST3
119,DDR2
119,MLK3
119,BRK
119,RSK1
119,MKK1
119,ERK8
119,IR
119,DYRK1A
119,PDGFRA
119,ABL
119,MLK1
119,MARK3
119,PAK4
119,MINK1
119,EPH-B3
119,MARK2
119,MKK2
119,EPH-A2
119,EPH-A4
119,EPH-B2
119,TTK
119,CSK
119,SYK
119,MARK1
119,RIPK2
119,CHK1
119,TAO1
119,TSSK1
120,Aurora C
120,S6K1
120,Aurora B
120,RSK1
120,CHK2
120,MST2
120,TBK1
120,PHK
120,BRSK2
120,ERK8
120,CHK1
120,AMPK
120,FGF-R1
120,IKK epsilon 
120,YES1
120,MKK1
120,ROCK 2
120,CK1 delta 
120,RSK2
120,PDK1
120,MARK3
120,PIM3
120,SRPK1
120,MELK
120,PRK2
120,HIPK2
120,MSK1
120,Src
120,IRR
120,CAMKK beta 
120,PAK4
120,GSK3 beta 
120,Lck
120,SGK1
120,MNK1
120,CAMK1
120,IKK beta 
120,PRAK
120,PKD1
120,NEK2a
120,CDK2-Cyclin A
120,PKA
120,CK2
120,DYRK2
120,PAK5
120,MST4
122,PDK1
122,MST2
122,PKC alpha 
122,PHK
122,MARK3
122,PIM3
122,AMPK
122,PRK2
122,CHK1
122,CAMKK beta 
122,RSK1
122,BRSK2
122,RSK2
122,PAK4
122,PAK5
122,PAK6
122,CDK2-Cyclin A
122,Lck
123,MKK1
123,p38 alpha MAPK
124,p38 alpha MAPK
124,p38 beta MAPK
124,PHK
125,Lck
125,MELK
125,Src
125,Aurora B
125,Aurora C
125,PAK4
125,MST2
125,RSK2
125,PHK
125,RSK1
125,PAK5
125,MKK1
125,CSK
125,PIM3
125,CAMKK alpha 
126,PLK1
127,MST2
127,PKD1
127,CHK1
127,MKK1
127,RSK1
127,PDK1
127,RSK2
127,GCK
127,MLK3
127,MARK3
127,TAK1
127,NEK2a
127,IKK epsilon 
127,JAK2
127,CHK2
127,MINK1
127,TBK1
127,PHK
127,ROCK 2
127,MST4
127,PRK2
127,MKK2
127,CAMK1
127,ERK8
127,VEGFR1
127,AMPK
127,PIM3
127,PAK4
127,ASK1
127,PKC alpha 
127,HIPK2
127,GSK3 beta 
127,Lck
127,PAK5
127,NUAK1
127,PLK1
127,MLK1
127,CLK2
127,TAO1
127,FGF-R1
127,ERK1
127,IKK beta 
127,IR
127,SmMLCK
127,S6K1
127,MELK
127,EPH-B3
127,MARK1
127,PRAK
127,PIM1
127,IRR
127,PKC zeta 
127,SYK
127,IGF-1R
127,MARK4
127,MEKK1
127,TTK
127,CK1 delta 
127,IRAK4
127,HER4
127,ERK2
127,BTK
127,PAK2
128,PRK2
128,ROCK 2
128,AMPK
128,RSK1
128,MNK1
128,MSK1
128,RSK2
128,MST2
128,PHK
128,CDK2-Cyclin A
129,GSK3 beta 
129,PIM1
129,BRSK2
129,PIM3
129,Aurora B
129,MNK2
129,Lck
129,EPH-A2
129,ERK8
129,CDK2-Cyclin A
129,DYRK1A
129,PRK2
129,Src
129,YES1
129,MSK1
129,IRR
129,RSK1
129,PIM2
129,JNK2
129,MNK1
130,p38 alpha MAPK
130,EPH-B3
130,Lck
130,EPH-A2
130,p38 beta MAPK
131,PKB beta 
131,NEK2a
131,Aurora B
131,BTK
131,PLK1
131,CAMK1
131,S6K1
131,RSK2
131,NEK6
131,IKK beta 
131,MST4
131,VEGFR1
131,HER4
131,PKC alpha 
133,PKB beta 
133,ERK8
133,MINK1
133,Aurora A
133,Aurora B
133,PAK2
133,GCK
133,MLK3
133,S6K1
133,CAMK1
133,VEGFR1
133,IKK epsilon 
133,MLK1
133,FGF-R1
133,MST2
133,RSK2
133,ERK1
133,NUAK1
133,IKK beta 
133,MST4
133,NEK2a
133,PLK1
133,IRAK4
133,PKD1
133,MAPKAP-K3
133,PKC zeta 
133,NEK6
133,SYK
133,MELK
133,BRSK2
133,PIM1
133,HIPK2
133,TAK1
133,LKB1
133,PIM3
133,Src
133,MKK1
133,TrkA
133,DYRK1A
133,BTK
133,PIM2
133,TBK1
133,BRSK1
133,EPH-B3
133,AMPK
133,PRK2
133,GSK3 beta 
133,DYRK3
133,HIPK3
133,CHK2
133,YES1
133,JAK2
133,MARK1
133,MEKK1
133,ERK2
133,TTK
133,MARK4
133,DYRK2
133,PAK4
133,PAK6
133,PRAK
133,IRR
133,SRPK1
133,MKK2
133,SGK1
133,PKC alpha 
133,HIPK1
133,CLK2
133,CAMKK beta 
133,PAK5
133,HER4
134,IKK beta 
134,PIM1
134,CLK2
134,ERK8
134,DAPK1
134,DYRK1A
134,PIM3
134,VEGFR1
134,CAMK1
134,RIPK2
134,Aurora B
134,ROCK 2
134,DYRK2
134,GCK
134,MINK1
134,DYRK3
134,NUAK1
134,PRK2
134,MLK3
134,Aurora A
134,MELK
134,BRSK1
134,BTK
134,SmMLCK
134,IRR
134,PIM2
134,YES1
134,CAMKK beta 
134,IRAK4
134,FGF-R1
134,BRSK2
134,HER4
134,p38 gamma MAPK
134,TTK
134,JAK2
134,MNK1
134,MNK2
134,EPH-B3
134,PKD1
134,HIPK2
135,ERK8
135,DYRK2
135,DYRK1A
135,CK2
135,DYRK3
135,HIPK1
135,GSK3 beta 
135,HIPK2
135,HIPK3
135,CLK2
135,GCK
135,PIM2
135,DAPK1
135,PIM1
135,MSK1
135,PIM3
135,MINK1
135,RIPK2
135,CAMKK beta 
135,PLK1
135,VEGFR1
135,MLK3
135,IRR
135,PKC alpha 
135,RSK1
135,SmMLCK
135,TAO1
135,ROCK 2
135,MLK1
135,RSK2
135,SRPK1
135,AMPK
137,PRAK
138,DYRK2
138,DYRK3
138,ERK8
138,CK2
138,DYRK1A
138,HIPK3
138,HIPK2
138,HIPK1
138,CLK2
138,GSK3 beta 
138,PLK1
138,PIM1
138,GCK
138,DAPK1
138,MELK
138,MSK1
138,IRR
138,VEGFR1
138,TAO1
138,RIPK2
138,PIM3
138,MKK1
138,PIM2
138,CHK2
138,SGK1
138,Aurora B
138,CK1 delta 
138,SmMLCK
138,CAMKK beta 
138,JAK2
138,CDK2-Cyclin A
138,S6K1
139,CHK2
139,YES1
139,CHK1
139,MST2
139,ERK8
139,Aurora B
139,Src
139,RSK2
139,PHK
139,FGF-R1
139,TBK1
139,IKK epsilon 
139,BTK
139,Aurora A
139,IRAK4
139,RSK1
139,NEK2a
139,CLK2
139,CAMKK beta 
139,VEGFR1
139,MLK3
139,JAK2
139,AMPK
139,GCK
139,ROCK 2
139,BRSK2
139,PAK4
139,MKK1
139,TrkA
139,PRK2
139,PAK5
139,MST4
139,TAK1
139,Lck
139,IR
139,PAK6
139,ASK1
139,MARK3
139,SYK
139,MELK
139,SRPK1
139,HIPK2
139,MEKK1
139,NUAK1
139,MINK1
139,RIPK2
139,S6K1
139,CDK2-Cyclin A
139,SGK1
139,CAMK1
139,PIM3
139,MLK1
139,EPH-A2
139,PKD1
139,EPH-B2
139,PRAK
139,MNK1
139,TTK
139,EPH-A4
139,IRR
139,MARK1
139,PDK1
139,SmMLCK
139,EPH-B4
139,GSK3 beta 
139,MKK2
139,MARK4
140,CHK2
140,SYK
140,PKD1
140,CAMK1
140,IGF-1R
140,PIM3
140,PAK4
140,PAK5
140,YES1
140,MST2
140,MKK1
140,ERK8
140,CHK1
140,Src
140,IR
140,GCK
140,BTK
140,PHK
140,PIM1
140,PRAK
140,PAK6
140,MNK1
140,RSK1
140,PKC alpha 
140,MST4
140,AMPK
140,CDK2-Cyclin A
140,MARK3
140,Lck
140,LKB1
140,MNK2
140,ERK2
140,MAPKAP-K2 
140,MLK3
140,ERK1
140,ROCK 2
140,PRK2
140,SmMLCK
140,NUAK1
140,MLK1
140,TrkA
140,CK1 delta 
140,CK2
140,TAK1
140,RSK2
140,MELK
140,IRR
140,MINK1
140,DYRK3
140,NEK2a
140,CAMKK beta 
141,NEK2a
141,ERK8
141,PKB beta 
141,DYRK1A
141,MST4
141,CAMK1
141,FGF-R1
141,HER4
141,VEGFR1
141,IKK epsilon 
141,MINK1
141,BTK
141,NUAK1
141,PAK2
141,Aurora A
141,RSK2
142,GCK
142,PKD1
142,IR
142,IGF-1R
142,GSK3 beta 
142,ROCK 2
142,CDK2-Cyclin A
142,CLK2
142,TAK1
142,ERK8
142,SYK
142,CAMKK beta 
142,DYRK3
142,RIPK2
142,MLK3
142,HIPK2
142,Aurora B
142,PRK2
142,PIM3
142,IRR
142,PKC alpha 
142,MKK1
142,CK2
142,MST2
142,NUAK1
143,PIM3
144,Aurora B
144,VEGFR1
146,PHK
146,CDK2-Cyclin A
146,SGK1
146,AMPK
146,GCK
146,CAMKK beta 
146,DYRK2
146,MINK1
146,MNK1
146,CK1 delta 
146,MNK2
146,MST2
146,PRK2
146,PLK1
146,MLK3
146,Aurora B
146,MLK1
146,MELK
146,DYRK1A
146,JNK2
146,NUAK1
146,IRAK4
146,MKK1
146,SYK
146,MST4
146,IKK epsilon 
146,HIPK2
146,VEGFR1
146,PKD1
146,DYRK3
146,IGF-1R
146,BRSK2
146,ERK8
146,GSK3 beta 
146,S6K1
146,JAK2
146,PIM1
146,IRR
146,NEK2a
146,FGF-R1
146,TBK1
146,CHK2
146,MARK3
146,TrkA
146,PDK1
146,ROCK 2
146,PKC alpha 
146,p38 gamma MAPK
146,RSK1
146,PAK5
146,ERK1
146,JNK1
146,PAK4
146,YES1
146,Src
146,PIM3
146,Lck
146,CK2
146,TTK
146,SRPK1
147,ROCK 2
147,RSK1
147,MSK1
147,S6K1
147,PRK2
147,NUAK1
147,TAK1
147,CLK2
147,RSK2
148,CAMK1
148,SGK1
148,MKK1
148,S6K1
148,Lck
148,RSK1
148,PKD1
148,PIM3
149,YES1
149,CHK2
149,DYRK3
149,Src
149,FGF-R1
149,VEGFR1
149,EPH-A2
149,BRSK2
149,Lck
149,BTK
149,EPH-B3
149,GCK
149,ERK8
149,SmMLCK
149,MINK1
149,MLK1
149,DYRK2
149,HIPK2
149,DAPK1
149,JAK2
149,CLK2
149,PKC alpha 
149,CK1 delta 
149,MKK1
149,MST2
149,RIPK2
149,MNK1
149,MELK
149,PIM3
149,MST4
149,RSK2
149,HIPK1
149,MLK3
149,LKB1
149,Aurora A
149,PIM1
149,RSK1
149,CAMKK beta 
149,MEKK1
149,PRK2
149,PHK
149,AMPK
149,IRAK4
149,EPH-B4
149,Aurora B
149,PIM2
149,TrkA
149,PAK4
149,CAMK1
149,EPH-B2
149,IRR
149,S6K1
149,MARK3
149,BRSK1
149,GSK3 beta 
149,CHK1
149,PAK5
149,CSK
149,EPH-A4
149,PAK6
149,NUAK1
149,HIPK3
149,PKB alpha 
149,CDK2-Cyclin A
149,CK2
149,HER4
149,p38 gamma MAPK
149,MNK2
149,TAO1
149,PKA
149,TTK
149,PLK1
149,PKC zeta 
149,TAK1
149,EPH-B1
149,MSK1
149,PDK1
149,MARK1
150,MSK1
150,MKK1
151,PHK
151,CLK2
151,TAK1
151,CHK2
151,CK1 delta 
151,MKK2
151,TrkA
151,SmMLCK
151,YES1
151,VEGFR1
151,MKK1
151,GCK
151,MINK1
151,RSK1
151,MELK
151,AMPK
151,MLK3
151,Lck
151,IGF-1R
151,CHK1
151,MST2
151,DAPK1
151,NUAK1
151,HIPK2
151,IR
151,Aurora B
151,IRAK4
151,JAK2
151,FGF-R1
151,Src
151,MARK4
151,TBK1
151,MEKK1
151,CAMKK beta 
151,BTK
151,PKD1
151,MARK1
151,CAMK1
152,ROCK 2
152,MSK1
152,RSK1
152,S6K1
152,PRK2
152,RSK2
152,CDK2-Cyclin A
152,HER4
152,NUAK1
153,ROCK 2
153,MSK1
153,RSK1
153,PRK2
153,PKC zeta 
153,GSK3 beta 
153,PKA
153,S6K1
153,HIPK2
153,RSK2
153,ERK8
153,PIM1
153,NUAK1
153,MEKK1
154,HER4
154,YES1
154,VEGFR1
154,MNK1
154,Src
154,RIPK2
154,IRAK4
154,p38 alpha MAPK
154,SmMLCK
154,MINK1
154,BTK
154,Aurora A
154,EPH-A2
154,PHK
154,CHK2
154,DYRK3
154,MLK1
154,PIM3
154,PKD1
154,DYRK2
154,Lck
154,MST2
154,MNK2
154,p38 beta MAPK
154,ERK2
154,NUAK1
154,PIM1
154,TBK1
154,BRSK1
154,BRSK2
154,GCK
154,FGF-R1
154,DYRK1A
154,Aurora B
155,PIM3
155,CK2
155,PIM1
156,PIM3
156,PKB beta 
156,PRAK
156,DYRK2
156,PHK
156,DYRK3
156,DYRK1A
156,SRPK1
156,CHK2
156,TAK1
156,MARK3
156,BRSK1
156,CK2
156,PIM1
156,RIPK2
156,VEGFR1
156,Aurora B
156,AMPK
156,MELK
156,MST2
156,YES1
156,MINK1
156,MARK1
156,PIM2
156,HIPK1
156,RSK2
156,MNK1
156,NUAK1
156,BRSK2
156,NEK2a
156,JAK2
156,S6K1
156,MAPKAP-K3
156,FGF-R1
156,RSK1
156,PKD1
156,IKK beta 
156,MLK3
156,CAMK1
156,GSK3 beta 
156,HIPK2
156,PKC zeta 
156,MARK4
156,NEK6
156,IKK epsilon 
156,IRR
156,SmMLCK
156,PLK1
156,GCK
156,MKK1
156,SGK1
156,MLK1
156,Src
156,MNK2
156,MARK2
156,Aurora A
156,CK1 delta 
156,TrkA
156,CHK1
156,CDK2-Cyclin A
156,BTK
156,TTK
156,MSK1
156,PAK4
156,IGF-1R
156,HER4
156,IRAK4
157,CK1 delta 
157,MNK1
157,CK2
157,DYRK1A
157,DYRK2
157,RIPK2
157,DYRK3
157,BRSK1
157,Lck
157,IRR
157,HER4
158,PDK1
158,NUAK1
158,BRSK1
158,DAPK1
158,BRSK2
158,MELK
158,PKC zeta 
158,ROCK 2
158,RSK2
158,Aurora B
158,PKB alpha 
158,SGK1
158,RSK1
158,STK33
158,AMPK
158,MLK3
158,IKK epsilon 
159,PIM1
159,PIM3
159,DYRK1A
159,GSK3 beta 
159,ERK8
159,PIM2
159,MLK3
159,EF2K
159,PRAK
159,IKK epsilon 
160,HIPK2
160,DYRK1A
160,ERK8
160,CK2
160,MELK
160,GCK
160,DYRK3
160,PKD1
160,PLK1
160,TrkA
160,TAK1
160,PHK
160,CAMKK beta 
160,CDK2-Cyclin A
160,NUAK1
160,RSK1
160,IRR
160,SmMLCK
160,HIPK3
160,AMPK
160,JAK2
160,RSK2
160,MINK1
160,PIM3
160,DYRK2
160,VEGFR1
160,JNK2
161,RIPK2
161,CK1 delta 
161,p38 alpha MAPK
161,GCK
161,MLK3
162,VEGFR1
162,RIPK2
162,MINK1
162,p38 alpha MAPK
162,PKD1
162,FGF-R1
162,CK1 delta 
166,CLK2
166,TAK1
166,GSK3 beta 
166,MINK1
166,MLK3
166,DYRK1A
166,GCK
166,ERK2
166,NUAK1
166,MLK1
166,ROCK 2
166,PAK4
166,HIPK2
166,DAPK1
166,PKD1
166,RIPK2
166,HIPK1
166,YES1
166,IGF-1R
166,JNK1
166,PRAK
166,MELK
166,ERK1
166,PAK5
166,IRR
166,MKK1
166,SmMLCK
166,SRPK1
166,HER4
166,PKC alpha 
166,CHK2
166,CK1 delta 
166,IR
166,HIPK3
166,EPH-B4
166,MST2
166,VEGFR1
166,ERK8
166,LKB1
166,TTK
166,EPH-B2
166,MARK3
166,MARK2
166,TrkA
166,PRK2
166,CHK1
166,CAMKK beta 
166,MEKK1
166,BTK
166,RSK1
166,IKK epsilon 
166,PAK6
166,JNK2
166,CDK2-Cyclin A
166,MST4
166,p38 delta MAPK
166,MARK1
166,p38 gamma MAPK
166,CAMK1
166,S6K1
166,PIM1
166,PIM3
166,Aurora B
166,JAK2
166,NEK2a
166,IRAK4
166,JNK3
166,SGK1
166,MARK4
166,TBK1
167,SRPK1
167,PRAK
169,DYRK2
169,DYRK1A
169,CLK2
169,DYRK3
169,CK1 delta 
169,PIM1
169,PIM3
169,PKD1
169,ERK8
169,IRR
169,GSK3 beta 
169,PIM2
169,TAO1
170,CAMK1
170,RIPK2
170,CHK2
170,CHK1
170,DAPK1
170,TAK1
172,ERK8
172,JAK2
172,TAK1
172,CDK2-Cyclin A
172,Aurora A
172,DYRK2
172,IKK beta 
172,CLK2
172,Lck
172,IGF-1R
172,IR
172,DAPK1
172,SGK1
172,EPH-B1
172,ROCK 2
172,MLK3
172,GSK3 beta 
172,PRK2
172,IKK epsilon 
172,EPH-B3
172,CAMK1
172,HIPK1
172,HIPK2
172,EPH-B2
172,RIPK2
172,CHK1
172,DYRK3
172,MINK1
172,HIPK3
172,SYK
172,EPH-B4
172,VEGFR1
172,GCK
172,JNK1
172,PHK
172,Src
172,TrkA
172,MARK3
172,BTK
172,EPH-A4
172,Aurora B
172,TBK1
172,PKD1
172,MKK1
172,NUAK1
172,YES1
172,p38 beta MAPK
172,FGF-R1
172,AMPK
172,RSK1
172,DYRK1A
172,PIM3
172,BRSK2
172,TAO1
172,PKC alpha 
172,PIM1
172,PAK5
172,IRR
172,MNK1
172,CSK
172,S6K1
172,CK2
172,MST2
172,MLK1
172,EPH-A2
172,MARK4
172,ASK1
172,MARK1
172,TTK
172,JNK3
172,PAK4
172,JNK2
172,HER4
172,MNK2
172,PRAK
172,PAK2
172,IRAK4
172,RSK2
172,SmMLCK
172,MKK2
172,BRSK1
172,MSK1
172,PKB beta 
172,CAMKK beta 
172,PKB alpha 
173,IKK beta 
173,JAK2
173,RSK1
173,CDK2-Cyclin A
173,CLK2
173,ERK8
173,RSK2
173,PIM2
173,PIM1
173,TrkA
173,NUAK1
173,SmMLCK
173,PIM3
173,CAMK1
173,MELK
173,Lck
173,IR
173,MST2
173,CHK2
173,IGF-1R
173,YES1
173,TAK1
173,DYRK3
173,GCK
173,Aurora B
173,MLK3
173,PKD1
173,BRSK2
173,DAPK1
173,MEKK1
173,AMPK
175,JAK2
175,TAK1
175,IKK epsilon 
175,MLK1
175,Src
175,PAK4
175,MAP4K3
175,MLK3
175,IRAK1
175,ULK1
175,FGF-R1
175,TrkA
175,Lck
175,VEGFR1
175,DDR2
175,NUAK1
175,TSSK1
175,YES1
175,SYK
175,IRAK4
175,ULK2
175,HER4
175,SIK2
175,NEK2a
175,TBK1
175,PDGFRA
175,PAK5
175,BTK
175,Aurora A
175,MARK3
175,CSK
175,Aurora B
175,PLK1
175,EPH-B1
175,JNK2
175,EPH-B2
175,CK2
175,EPH-A4
175,EPH-A2
175,MKK1
175,MNK2
175,MELK
175,ERK8
175,PRK2
175,p38 delta MAPK
175,JNK3
175,JNK1
175,EIF2AK3
175,PDK1
175,GSK3 beta 
175,RIPK2
175,MPSK1
175,MARK4
175,DAPK1
175,RSK1
175,ROCK 2
175,MST4
175,IKK beta 
175,CLK2
175,PAK2
175,TAO1
175,CHK2
175,IGF-1R
175,S6K1
175,MST2
175,CDK2-Cyclin A
175,HIPK2
175,LKB1
175,CAMK1
175,ZAP70
175,p38 gamma MAPK
175,PIM3
175,MKK2
175,ERK5
175,HIPK1
175,TIE2
175,AMPK (hum)
175,STK33
175,TESK1
175,IR
175,PKC alpha 
175,PHK
175,DYRK1A
175,PKC gamma 
175,CAMKK beta 
175,NEK6
175,TTK
175,PAK6
175,EPH-B3
177,MKK1
177,MKK2
177,TAK1
177,ERK8
177,VEGFR1
177,MKK6
177,MNK1
177,PRAK
177,TrkA
177,BRK
177,MNK2
177,IRAK4
177,Lck
177,PKD1
177,RIPK2
177,Src
177,EPH-A4
177,EF2K
178,PHK
178,GCK
179,PIM3
179,PIM1
179,CAMK1
179,MLK1
179,MLK3
179,GCK
179,MINK1
179,HER4
179,p38 alpha MAPK
179,CHK2
180,VEGFR1
180,RIPK2
180,GCK
180,MINK1
180,ABL
180,NUAK1
180,CLK2
180,BRK
180,Lck
180,YES1
180,CAMKK beta 
180,MLK3
180,FGF-R1
180,DYRK1A
180,ERK8
180,STK33
180,MARK3
180,TAK1
180,MARK1
180,Src
180,AMPK
180,MELK
180,BRSK2
180,PHK
180,CK1 delta 
180,MARK4
180,TBK1
180,RSK1
180,TIE2
180,MARK2
180,PKD1
180,MNK2
180,CDK2-Cyclin A
180,SYK
180,PRK2
180,EPH-B2
180,IRR
180,TrkA
180,MNK1
180,CAMK1
180,EPH-B4
180,Aurora B
180,EPH-B3
180,EPH-A2
181,CDK2-Cyclin A
181,Src
181,CLK2
181,MLK1
181,ERK8
181,IR
181,MLK3
181,TrkA
181,PIM3
181,YES1
181,DYRK1A
181,SRPK1
181,TAK1
181,IRAK4
181,PAK4
181,IGF-1R
181,BTK
181,TTK
181,EPH-A4
181,IRR
181,PAK5
181,CAMKK beta 
181,ABL
181,ERK2
181,STK33
181,EPH-B2
181,MEKK1
181,RSK1
181,MST4
181,CHK2
181,EPH-B4
181,Lck
181,VEGFR1
181,LKB1
181,EPH-A2
181,EPH-B3
181,GCK
181,Aurora A
182,VEGFR1
182,GCK
182,Aurora A
182,IRAK4
182,TrkA
182,NUAK1
182,MLK1
182,CHK2
182,RIPK2
182,MINK1
182,MLK3
182,GSK3 beta 
182,MELK
182,FGF-R1
182,PAK4
182,DYRK1A
182,CAMKK beta 
182,CDK2-Cyclin A
182,CLK2
182,SmMLCK
183,Aurora A
183,CHK2
183,BRK
183,STK33
183,CAMKK beta 
183,p38 beta MAPK
183,Aurora B
183,NUAK1
183,OSR1
183,SmMLCK
183,MNK2
183,PKD1
184,RIPK2
184,VEGFR1
184,CK1 delta 
184,ABL
184,MINK1
184,p38 alpha MAPK
184,PKD1
184,GCK
184,BRK
184,Lck
184,TAK1
184,YES1
184,FGF-R1
185,CK2
185,PIM1
185,PIM3
185,SRPK1
185,DAPK1
185,Aurora A
185,BTK
185,VEGFR1
185,FGF-R1
185,CAMKK beta 
185,DYRK3
185,HER4
185,CK1 delta 
185,PIM2
185,p38 gamma MAPK
185,ERK8
185,CHK2
185,DYRK2
185,PAK4
185,IR
185,HIPK2
185,PKB beta 
185,DYRK1A
185,TrkA
185,IRAK1
185,MNK1
185,EIF2AK3
185,PAK6
185,JAK2
185,MKK1
185,GSK3 beta 
185,SYK
185,PRAK
185,TTK
185,BRSK2
185,NUAK1
185,MLK1
185,Src
188,RIPK2
189,JAK2
189,MARK3
189,PHK
189,TrkA
189,IRAK1
189,CLK2
189,Aurora A
189,NUAK1
189,MSK1
189,DAPK1
189,MLK1
189,FGF-R1
189,ROCK 2
189,MNK2
189,MARK2
189,MELK
189,GCK
189,TTK
189,MLK3
189,EPH-B1
200,PIM3
200,MAPKAP-K2 
200,MPSK1
200,MLK1
200,MLK3
201,IKK beta 
202,MARK3
202,MLK3
202,MARK1
202,MARK2
202,TBK1
202,NUAK1
202,JAK2
202,MLK1
202,CAMKK beta 
202,CLK2
202,IKK epsilon 
202,MELK
202,AMPK
202,PHK
202,Aurora A
202,MARK4
202,ERK8
202,RSK1
202,PDK1
202,CDK2-Cyclin A
202,TrkA
202,PKD1
202,MNK2
203,PIM1
203,PIM3
203,GSK3 beta 
203,DYRK2
203,HIPK2
203,CK2
203,DYRK3
203,CLK2
203,DAPK1
203,PIM2
203,ERK8
203,ROCK 2
203,MKK2
203,PRK2
203,IRAK4
203,BTK
203,CHK2
203,MSK1
203,TrkA
203,S6K1
203,MLK1
203,MLK3
203,VEGFR1
203,IRAK1
203,MKK1
203,STK33
203,HIPK1
203,RSK1
203,MNK2
203,PAK4
203,SmMLCK
203,TTK
203,JNK3
203,IR
203,BRK
203,BRSK2
203,DYRK1A
203,MELK
203,MST4
203,GCK
203,IGF-1R
203,Aurora A
203,HER4
203,MARK4
203,JAK2
203,IRR
203,PHK
203,CK1 delta 
203,HIPK3
204,JAK2
204,PRK2
204,NUAK1
204,Lck
204,MARK3
204,FGF-R1
204,ROCK 2
205,MKK2
205,JAK2
205,MKK1
205,RSK2
205,MAPKAP-K3
205,BRSK2
205,VEGFR1
205,PKB beta 
206,MKK1
206,MKK2
207,VEGFR1
207,TrkA
207,IRAK4
207,TAK1
207,FGF-R1
207,MLK1
207,NUAK1
207,CLK2
207,MLK3
207,PIM3
207,HIPK1
207,CHK2
207,MST2
207,YES1
207,MKK2
207,Aurora A
207,JAK2
207,GCK
207,Lck
207,Src
207,MINK1
207,IR
207,MELK
208,RSK2
208,PKB beta 
208,DYRK1A
208,PAK6
208,SGK1
208,MSK1
208,MAPKAP-K2 
208,GSK3 beta 
208,Aurora A
208,MARK3
208,PAK2
208,IGF-1R
208,IR
208,TrkA
208,PKB alpha 
208,PKA
208,PRAK
208,BRSK2
208,SRPK1
208,CLK2
208,TAK1
208,IRAK1
208,OSR1
208,VEGFR1
208,RSK1
208,PKC zeta 
208,CHK2
208,PIM2
208,PAK5
208,IRAK4
208,Src
208,ABL
208,EPH-B2
208,FGF-R1
208,S6K1
208,PKC alpha 
208,CAMKK beta 
208,CAMK1
208,NUAK1
208,TAO1
208,SYK
208,IRR
208,PKD1
208,CDK2-Cyclin A
208,TLK1
208,TBK1
208,HIPK2
208,JAK2
208,JNK1
208,p38 delta MAPK
208,STK33
208,DYRK3
208,Lck
208,ZAP70
208,PRK2
208,PKC gamma 
208,DAPK1
208,PIM3
208,GCK
208,BRK
208,EPH-B3
208,MKK2
208,MARK4
208,BRSK1
208,PIM1
208,PAK4
208,ASK1
208,YES1
208,SmMLCK
208,TIE2
208,HER4
208,LKB1
208,NEK2a
208,IKK beta 
208,EPH-A2
208,EPH-B4
208,p38 gamma MAPK
208,DYRK2
208,HIPK3
208,IKK epsilon 
208,MLK3
208,MKK1
208,JNK3
208,CHK1
208,MPSK1
208,BTK
208,EPH-A4
208,ERK8
208,PDK1
208,EIF2AK3
208,MINK1
208,MELK
208,JNK2
208,RIPK2
208,ERK2
208,AMPK
208,MARK1
208,TTK
208,ROCK 2
208,MLK1
208,PHK
208,HIPK1
208,PLK1
208,MST4
208,MST2
208,ERK1
208,MAPKAP-K3
208,MEKK1
208,CSK
208,MKK6
208,MNK1
208,MARK2
208,MNK2
208,Aurora B
209,ASK1
209,CLK2
211,RIPK2
211,VEGFR1
211,CSK
211,BRK
211,HER4
211,Src
211,Lck
211,TIE2
211,Aurora A
211,EPH-B2
211,Aurora B
211,YES1
211,TrkA
211,FGF-R1
211,NUAK1
211,MST4
211,MLK1
211,EIF2AK3
211,MLK3
211,IRR
211,PKD1
211,IR
211,CAMK1
211,CHK2
211,NEK2a
211,GCK
211,TESK1
211,ABL
211,EPH-B4
211,MST2
211,PAK4
211,BTK
211,SmMLCK
211,EPH-A4
211,RSK1
211,BRSK1
211,PAK5
213,MKK1
213,JAK2
213,MKK2
213,VEGFR1
214,MKK1
214,JAK2
214,MKK2
214,VEGFR1
215,PDK1
215,MLK3
215,MLK1
216,CAMK1
216,RSK1
216,MINK1
216,PKB beta 
216,ERK8
216,PKD1
216,PHK
216,ERK2
216,MNK2
216,MNK1
216,DYRK3
216,BRSK2
216,Lck
216,ERK1
216,SmMLCK
216,MARK4
216,DYRK2
216,CDK2-Cyclin A
216,TSSK1
216,MARK3
216,MKK6
216,NUAK1
216,CK1 delta 
216,PRK2
216,AMPK
216,DYRK1A
216,ASK1
216,MAPKAP-K2 
216,IKK beta 
216,BRSK1
216,TBK1
216,JNK3
216,MARK2
216,JNK2
216,JNK1
216,DAPK1
216,MELK
216,GCK
216,NEK6
216,PIM3
216,SRPK1
216,IKK epsilon 
216,EPH-A4
216,MKK1
216,p38 delta MAPK
217,Aurora B
217,PLK1
217,BRSK1
217,NUAK1
217,PRK2
217,MST2
217,ERK8
217,SIK2
217,RIPK2
217,MEKK1
217,FGF-R1
217,VEGFR1
217,BRSK2
217,NEK2a
217,MLK3
217,GCK
217,Lck
217,SIK3
217,MLK1
217,TIE2
217,PIM3
217,CHK2
217,DAPK1
217,SmMLCK
217,CLK2
217,MARK3
217,DYRK2
217,BTK
217,ASK1
217,DYRK3
217,GSK3 beta 
217,PIM1
217,RSK2
217,TAK1
217,CSK
217,TrkA
217,MINK1
217,AMPK
217,Src
217,IRAK4
217,CAMKK beta 
217,MELK
217,YES1
219,VEGFR1
219,Aurora A
219,NEK2a
219,Src
219,JAK2
219,EPH-B1
219,EPH-B4
219,ERK8
219,Lck
219,TSSK1
219,IRAK1
219,EPH-A4
219,GSK3 beta 
219,CK2
219,MLK1
219,BRK
219,EPH-B2
219,IGF-1R
219,RSK1
219,CDK2-Cyclin A
219,YES1
219,ABL
219,TBK1
219,MLK3
219,FGF-R1
219,RSK2
219,PAK4
219,DYRK3
219,HIPK2
219,Aurora B
219,CLK2
219,TIE2
219,TrkA
219,PHK
219,CHK2
219,DYRK1A
219,MKK1
219,NUAK1
219,SYK
219,TAK1
219,PAK2
219,RIPK2
219,BTK
219,DAPK1
219,MARK3
219,DYRK2
219,EPH-B3
219,MNK1
219,MNK2
219,BRSK1
219,HIPK1
219,HER4
219,IKK epsilon 
219,PAK5
219,HIPK3
219,CHK1
219,IRAK4
219,IR
219,AMPK
219,ZAP70
219,STK33
219,MARK4
219,PAK6
219,TESK1
219,ROCK 2
219,PKA
219,CAMK1
219,PRK2
219,MELK
219,EPH-A2
219,MKK2
219,S6K1
219,CAMKK beta 
219,MARK2
219,GCK
219,MARK1
219,EIF2AK3
219,JNK2
219,MSK1
219,BRSK2
219,IRR
219,PDK1
219,JNK1
219,CSK
219,JNK3
219,TLK1
219,MPSK1
219,PKD1
220,GCK
220,NUAK1
220,JAK2
220,RIPK2
220,NEK6
220,MELK
220,MST2
220,TrkA
221,GSK3 beta 
221,TAK1
221,Aurora A
221,PKB beta 
221,Src
221,HIPK2
221,NUAK1
221,CAMK1
221,PIM3
221,BRSK2
221,RIPK2
221,EPH-B3
222,JNK1
222,CHK2
222,VEGFR1
222,JNK2
222,CAMKK beta 
222,PHK
222,Aurora B
222,MLK1
222,IGF-1R
222,Aurora A
222,TSSK1
222,PAK4
222,DAPK1
222,MLK3
222,RSK1
222,JNK3
222,MARK3
222,HER4
222,DYRK2
222,IRAK4
222,ERK8
222,SIK2
222,SmMLCK
222,BRSK2
222,STK33
222,PLK1
222,NUAK1
222,YES1
222,JAK2
222,MARK1
222,BRSK1
222,IR
222,FGF-R1
222,DDR2
222,CHK1
222,PRK2
222,HIPK2
222,GCK
222,IRAK1
222,S6K1
222,AMPK
222,TTK
222,TIE2
222,PAK5
222,SYK
222,RSK2
222,DYRK3
222,MARK2
222,PKD1
222,BTK
222,IRR
222,EIF2AK3
222,MARK4
222,MELK
222,ZAP70
222,MKK6
222,MNK1
222,MNK2
222,MST2
222,TAO1
222,RIPK2
223,Src
223,MINK1
223,CAMK1
223,Lck
223,CSK
223,BRK
223,MLK1
223,RIPK2
223,p38 alpha MAPK
223,YES1
223,GCK
223,DYRK1A
223,TESK1
223,VEGFR1
226,EPH-B1
226,EPH-B2
226,Src
226,BRK
226,EPH-B4
226,MLK1
226,SIK2
226,SIK3
226,DDR2
226,YES1
226,EPH-A2
226,EPH-A4
226,RIPK2
226,FGF-R1
226,BTK
226,MLK3
226,HER4
226,TESK1
226,GCK
226,EPH-B3
226,VEGFR1
226,MINK1
226,CHK2
226,ABL
226,CSK
226,Lck
226,PKA
226,PAK2
226,TIE2
250,PLK1
250,PRK2
250,NEK2a
250,PIM1
250,RSK1
250,NUAK1
250,BRSK1
250,BRSK2
250,PIM3
250,MLK1
250,TSSK1
252,JNK1
252,IRAK1
252,JNK3
252,CLK2
252,JNK2
252,ERK8
252,GCK
252,CDK9-Cyclin T1
252,VEGFR1
252,CK1 delta 
252,CAMKK beta 
252,NUAK1
252,ULK1
252,MLK1
252,TAK1
252,RIPK2
252,HIPK2
252,MELK
252,ULK2
253,JNK1
253,JNK3
253,JNK2
253,ULK1
253,ULK2
253,YES1
253,NUAK1
253,RIPK2
253,Src
254,MKK1
254,TAK1
254,VEGFR1
254,MKK2
254,ERK8
254,PKD1
254,MKK6
254,PRAK
254,ERK2
254,MNK2
254,BRK
258,IRAK1
258,IRAK4
258,CLK2
258,TAK1
258,CK1 delta 
258,MINK1
259,PHK
259,Aurora A
259,FGF-R1
259,CHK2
259,NUAK1
259,CLK2
259,YES1
259,IGF-1R
259,CAMKK beta 
259,TIE2
259,BRK
259,MARK2
259,MARK3
259,Lck
259,EPH-B1
259,HER4
259,RSK1
259,BRSK1
259,TSSK1
259,MLK1
259,JAK2
259,BRSK2
259,PKD1
259,CHK1
259,IRAK1
259,VEGFR1
259,MARK1
259,MINK1
259,EPH-A4
259,RSK2
259,TAK1
259,STK33
259,IRAK4
259,OSR1
259,TrkA
259,IR
259,GCK
259,PRK2
259,MARK4
259,Src
259,MELK
259,MST2
259,TAO1
259,EPH-B2
259,EPH-B4
259,ERK8
259,EPH-B3
259,AMPK
259,MLK3
259,EPH-A2
259,JNK1
259,SYK
259,MKK1
259,MKK2
259,CSK
259,PAK5
259,CAMK1
259,JNK3
259,CDK2-Cyclin A
259,PLK1
259,BTK
259,ABL
259,ERK2
259,ROCK 2
259,SmMLCK
259,NEK2a
259,PAK4
259,MSK1
259,SRPK1
259,TTK
260,SmMLCK
260,NUAK1
261,MNK2
261,MLK1
261,TSSK1
261,NUAK1
261,DYRK2
261,PHK
261,DAPK1
261,PKD1
261,TAK1
261,STK33
261,JNK3
261,CAMKK beta 
261,VEGFR1
261,JNK1
261,BRK
261,Aurora B
261,TBK1
261,MLK3
261,CK1 delta 
261,MNK1
261,PRAK
261,CHK1
261,Aurora A
261,JNK2
261,SIK2
261,CK2
261,IR
262,MAPKAP-K2 
262,PIM3
262,AMPK (hum)
262,BRSK2
262,DYRK1A
262,CHK2
262,AMPK
262,CLK2
262,ASK1
262,DAPK1
262,PIM1
262,SRPK1
262,GCK
262,PRAK
262,IRAK4
262,MNK2
262,IRAK1
262,CAMKK beta 
262,BRSK1
262,MAPKAP-K3
262,ERK8
262,STK33
262,RIPK2
262,DYRK3
262,MINK1
262,MAP4K3
262,IKK epsilon 
262,PKD1
262,MARK4
262,RSK2
263,MINK1
263,MELK
263,MKK1
263,PIM1
263,GCK
263,PIM3
263,ERK8
263,MLK1
263,PRAK
263,GSK3 beta 
264,RSK1
264,S6K1
264,MSK1
264,RSK2
264,PKA
264,VEGFR1
264,AMPK
264,MST4
264,Aurora B
265,CK1 delta 
265,RIPK2
265,BRK
265,Lck
265,MINK1
265,TIE2
265,ABL
265,ROCK 2
266,MSK1
266,PKB alpha 
266,S6K1
266,PRK2
266,PIM1
266,PKA
266,RSK1
266,PIM3
266,ROCK 2
266,IRR
266,CLK2
266,SGK1
266,PKC zeta 
266,GSK3 beta 
266,MELK
266,ERK8
266,AMPK
266,PKC alpha 
266,AMPK (hum)
266,DAPK1
266,DYRK1A
266,PKB beta 
266,PLK1
266,BRSK1
266,BRSK2
266,TSSK1
266,HIPK2
266,ULK1
266,PKC gamma 
267,S6K1
267,CAMK1
267,PAK6
267,SGK1
267,TAK1
267,SmMLCK
267,DAPK1
267,CHK1
267,MSK1
267,MINK1
277,ABL
277,Lck
277,OSR1
277,p38 alpha MAPK
277,Src
277,EPH-B2
277,VEGFR1
277,CAMK1
277,TAK1
277,JNK2
277,MINK1
277,IGF-1R
277,p38 delta MAPK
277,BRK
277,CSK
277,EPH-A4
277,EPH-B3
277,FGF-R1
277,p38 beta MAPK
277,GCK
277,MLK3
277,YES1
277,p38 gamma MAPK
277,SYK
277,S6K1
277,HIPK2
277,JNK1
277,RIPK2
277,EPH-A2
277,IR
277,HIPK3
277,MSK1
277,CAMKK beta 
277,EIF2AK3
277,ROCK 2
277,TAO1
277,HIPK1
277,JNK3
277,MST4
277,IRAK1
277,BTK
277,HER4
277,RSK1
277,PKD1
277,MLK1
277,JAK2
277,EPH-B4
277,TrkA
277,ERK8
277,IKK beta 
277,IRR
277,PKB beta 
278,Src
278,DDR2
278,ABL
278,BRK
278,EPH-A4
278,EPH-B4
278,YES1
278,SIK2
278,EPH-B1
278,RIPK2
278,EPH-A2
278,BTK
278,MAP4K5
278,CSK
278,TrkA
278,MINK1
278,HER4
278,EPH-B2
278,SIK3
279,NUAK1
279,CLK2
279,GCK
279,DYRK1A
279,MLK3
279,GSK3 beta 
279,MAP4K3
279,MINK1
279,TAK1
279,YES1
279,VEGFR1
279,MAP4K5
279,CK1 delta 
279,Lck
279,TrkA
279,IRAK1
279,RIPK2
279,Src
279,SIK2
279,ERK8
279,AMPK (hum)
279,IRR
279,PRK2
279,MLK1
279,ABL
279,FGF-R1
279,IGF-1R
279,SmMLCK
279,S6K1
279,BRSK2
279,BRSK1
279,HIPK2
279,MST2
279,PHK
279,AMPK
279,STK33
279,MNK2
279,TAO1
279,MARK3
279,MELK
279,JAK2
279,DDR2
279,MSK1
279,HIPK1
279,PKD1
279,PKC alpha 
279,IKK epsilon 
279,IRAK4
279,MARK2
279,ERK5
279,PKC gamma 
279,MNK1
279,ULK2
279,BTK
279,CAMKK beta 
279,DYRK3
279,CK1 gamma 2
279,EPH-B2
279,CDK2-Cyclin A
279,MST4
279,TIE2
279,RSK1
279,TBK1
279,TGFBR1
279,MARK4
279,LKB1
279,MARK1
279,PIM1
280,NUAK1
280,GCK
280,IGF-1R
280,CLK2
280,IR
280,ROCK 2
280,TAK1
280,GSK3 beta 
280,MLK3
280,PRK2
280,CDK9-Cyclin T1
280,CDK2-Cyclin A
280,DYRK3
280,HIPK2
280,IRR
280,PKD1
280,MAP4K3
280,RIPK2
280,IRAK1
280,SYK
280,MLK1
280,DYRK2
280,CAMKK beta 
280,PDGFRA
280,ERK8
280,Aurora B
280,MARK3
280,PIM3
280,PKC alpha 
280,BTK
280,LKB1
280,MST2
280,VEGFR1
285,PKB beta 
285,Aurora B
285,CAMK1
285,Aurora A
285,VEGFR1
285,MAPKAP-K3
285,TBK1
285,MAPKAP-K2 
286,EPH-B2
286,EPH-B1
286,FGF-R1
286,Src
286,BRK
286,SIK3
286,EPH-B4
286,SIK2
286,EPH-A2
286,EPH-A4
286,DDR2
286,ABL
286,RIPK2
286,YES1
286,PKD1
286,VEGFR1
286,TESK1
286,PAK2
286,MINK1
286,EPH-B3
286,HER4
286,p38 beta MAPK
286,JNK2
286,GCK
286,BTK
286,p38 alpha MAPK
286,MARK3
286,TAO1
286,CHK2
286,JNK3
286,RSK1
286,CSK
286,MST3
286,MLK1
286,TIE2
286,Lck
289,CLK2
289,MAPKAP-K2 
289,MKK1
289,SIK2
289,PHK
289,IKK epsilon 
289,JNK1
289,RSK1
289,SmMLCK
289,AMPK
289,AMPK (hum)
289,MARK4
289,BRSK1
289,NUAK1
289,PIM1
289,PAK6
289,MAP4K3
289,ULK2
289,PDK1
289,MLK1
289,TAK1
289,IRAK1
289,ERK1
289,PKA
289,MSK1
289,PRAK
289,CHK2
289,MARK3
289,SIK3
289,DYRK3
289,PAK5
289,GCK
289,MINK1
289,TESK1
289,ASK1
289,YES1
289,SYK
289,ZAP70
289,TrkA
289,PDGFRA
289,S6K1
289,CHK1
289,DYRK1A
289,MLK3
289,Lck
289,FGF-R1
289,IGF-1R
289,DDR2
289,Aurora A
289,JNK2
289,CAMK1
289,DAPK1
289,MARK2
289,TSSK1
289,DYRK2
289,PIM2
289,PAK2
289,MAP4K5
289,IRAK4
289,BRK
289,VEGFR1
289,MARK1
289,MKK6
289,ERK2
289,PKB alpha 
289,MELK
289,p38 gamma MAPK
289,RSK2
289,PRK2
289,TLK1
289,IKK beta 
289,HIPK2
289,MST3
289,Src
289,PAK4
289,ROCK 2
289,GSK3 beta 
289,TAO1
289,OSR1
289,TTK
289,JAK2
289,ERK8
289,PKB beta 
289,CDK2-Cyclin A
289,BRSK2
289,EPH-B4
289,MNK1
289,MST2
289,RIPK2
289,BTK
289,IRR
289,PIM3
289,SGK1
289,MNK2
289,HIPK3
289,CAMKK beta 
289,SRPK1
289,ULK1
289,IR
289,ERK5
289,TBK1
289,PKC gamma 
289,MKK2
289,HER4
289,PKC zeta 
289,CDK9-Cyclin T1
289,PKD1
289,EPH-A4
289,TGFBR1
289,EPH-A2
289,MST4
289,CSK
289,TIE2
289,PLK1
289,HIPK1
289,PKC alpha 
289,STK33
289,MEKK1
289,EPH-B1
289,JNK3
289,MAPKAP-K3
289,EPH-B2
289,LKB1
289,EIF2AK3
289,ABL
289,Aurora B
289,p38 delta MAPK
290,CHK2
290,NUAK1
290,TAK1
290,IR
290,PHK
290,TSSK1
290,MLK1
290,MLK3
290,SmMLCK
290,CAMKK beta 
290,RSK1
290,RSK2
290,DAPK1
290,CLK2
290,ASK1
290,PKD1
290,CHK1
290,VEGFR1
290,BRK
290,DYRK2
290,TBK1
290,Aurora B
290,SIK2
290,MAP4K3
290,STK33
290,MNK2
290,IKK epsilon 
290,CAMK1
290,GCK
290,AMPK (hum)
290,MKK6
290,IGF-1R
290,ERK5
290,PAK4
290,TTK
290,SYK
290,HIPK1
290,JAK2
290,BRSK2
290,PLK1
290,MARK3
290,MELK
290,MNK1
290,ULK1
290,DYRK1A
290,MSK1
290,JNK1
290,JNK3
290,BRSK1
291,TAK1
291,CHK2
291,IR
291,CLK2
291,TSSK1
291,MLK1
291,SmMLCK
291,PHK
291,IGF-1R
291,NUAK1
291,DYRK2
291,MLK3
291,PKD1
291,CAMKK beta 
291,DAPK1
291,ASK1
291,RSK1
291,VEGFR1
291,MNK2
291,BRK
291,Aurora B
291,RSK2
291,CHK1
291,GCK
291,MNK1
291,TBK1
291,ERK8
291,HIPK2
291,STK33
291,MKK6
291,TTK
291,SIK2
291,MAP4K3
291,DYRK1A
291,MELK
291,PLK1
291,ERK5
291,PAK4
291,GSK3 beta 
291,AMPK (hum)
291,SYK
291,JNK1
291,JNK3
291,ERK1
291,PRAK
291,HIPK1
293,CK1 gamma 2
293,MLK3
293,GCK
293,CHK2
293,Aurora B
293,CK1 delta 
293,MLK1
293,VEGFR1
293,JAK2
293,NUAK1
293,CLK2
293,MAPKAP-K2 
293,SIK2
293,RIPK2
293,TSSK1
293,PAK4
293,ASK1
293,BRK
293,MAP4K3
294,MAP4K3
294,MAP4K5
294,MKK1
294,CLK2
294,MKK2
294,ERK1
294,Aurora B
294,AMPK
294,AMPK (hum)
294,MARK1
294,BRSK1
294,NUAK1
294,DYRK1A
294,DYRK2
294,IKK epsilon 
294,GCK
294,MINK1
294,TAK1
294,ROCK 2
294,PRK2
294,MNK1
294,MNK2
294,CDK9-Cyclin T1
294,MARK2
294,BRSK2
294,DYRK3
294,PIM3
294,MST4
294,MLK1
294,MLK3
294,TrkA
294,VEGFR1
294,GSK3 beta 
294,ERK2
294,ERK8
294,PKD1
294,Aurora A
294,MARK4
294,MELK
294,HIPK2
294,MST2
294,ASK1
294,ULK2
294,ERK5
294,RSK1
294,MSK1
294,PHK
294,CHK1
294,MARK3
294,SIK2
294,SIK3
294,CK1 delta 
294,PIM2
294,TAO1
294,ULK1
294,JAK2
294,IGF-1R
294,SmMLCK
294,CDK2-Cyclin A
294,CK2
294,TBK1
294,PIM1
294,RSK2
294,IRAK1
294,PDK1
294,IRAK4
294,FGF-R1
294,IR
294,JNK1
294,IRR
294,SGK1
294,PKA
294,STK33
294,CAMKK beta 
294,DAPK1
294,CHK2
294,HIPK1
294,p38 gamma MAPK
294,HIPK3
294,BTK
294,MKK6
294,JNK2
294,JNK3
294,S6K1
294,Src
294,PDGFRA
294,MST3
294,IKK beta 
294,TSSK1
294,PAK4
294,RIPK2
294,TTK
294,Lck
294,NEK2a
294,p38 delta MAPK
294,OSR1
294,EPH-A2
294,TLK1
294,EPH-B3
294,PKC zeta 
294,EPH-B2
294,DDR2
294,p38 beta MAPK
294,CAMK1
294,CK1 gamma 2
294,PKC alpha 
294,EIF2AK3
294,ABL
294,TIE2
294,BRK
294,EPH-B1
294,PRAK
294,PLK1
294,EPH-B4
294,PAK5
294,SYK
294,PKB alpha 
294,EPH-A4
294,PAK6
294,YES1
294,PKC gamma 
294,HER4
294,MAPKAP-K2 
294,TESK1
294,LKB1
300,AMPK
300,MARK3
300,MARK4
300,DDR2
300,AMPK (hum)
300,NUAK1
300,FGF-R1
300,SIK2
300,IGF-1R
300,CLK2
300,MELK
300,SIK3
300,ULK2
300,Src
300,JAK2
300,EPH-A2
300,EPH-B1
300,IR
300,MLK1
300,CSK
300,Aurora B
300,MLK3
300,TAK1
300,Lck
300,EPH-A4
300,PKD1
300,MARK2
300,YES1
300,TrkA
300,VEGFR1
300,MST4
300,EPH-B4
300,STK33
300,TIE2
300,MST2
300,Aurora A
300,BTK
300,RSK1
300,CAMKK beta 
300,PHK
300,TSSK1
300,MST3
300,EPH-B2
300,ERK8
300,ULK1
300,PDK1
300,CDK2-Cyclin A
300,MARK1
300,RSK2
300,IKK epsilon 
300,MAP4K3
300,CHK1
300,PDGFRA
300,PAK5
300,OSR1
300,CDK9-Cyclin T1
300,ABL
300,PRK2
300,ERK2
300,PAK4
300,MAP4K5
300,TTK
300,MSK1
300,TAO1
300,IRAK4
300,DYRK1A
300,IRR
310,PAK4
310,MAP4K3
310,MLK3
310,HIPK1
310,PAK5
310,PAK6
310,MAP4K5
310,MLK1
310,TAK1
310,TAO1
310,TTBK1
310,PKD1
310,MARK3
310,JAK2
310,TTBK2
310,TSSK1
310,CK1 delta 
310,CHK2
310,MINK1
310,MKK1
310,VEGFR1
310,EIF2AK3
310,CLK2
310,IKK epsilon 
310,GSK3 beta 
310,SmMLCK
310,NUAK1
310,p38 gamma MAPK
310,GCK
310,MARK1
310,MKK2
310,MARK4
310,HIPK2
310,MARK2
310,MKK6
310,PKB beta 
310,ERK5
311,MLK3
311,MLK1
311,CHK2
311,SmMLCK
311,PIM3
311,VEGFR1
311,SRPK1
311,TBK1
311,IKK epsilon 
311,IGF-1R
311,CK1 gamma 2
311,IR
311,CAMKK beta 
311,DAPK1
311,MAP4K5
311,TrkA
313,GSK3 beta 
313,NUAK1
313,PIM2
313,HIPK1
313,HIPK3
313,CLK2
313,GCK
313,Lck
313,DDR2
313,DYRK1A
313,TAK1
313,ERK8
313,RSK2
313,PKC gamma 
313,DAPK1
313,CHK2
313,AMPK (hum)
313,TSSK1
313,CK2
313,DYRK2
313,DYRK3
313,PIM3
313,MAP4K3
313,MLK1
313,ABL
313,EPH-A4
313,EPH-B2
313,TrkA
313,VEGFR1
313,PHK
313,S6K1
313,PRK2
313,CAMKK beta 
313,CDK2-Cyclin A
313,AMPK
313,BRSK1
313,BRSK2
313,SIK2
313,IKK epsilon 
313,HIPK2
313,MINK1
313,MLK3
313,EPH-B4
313,IR
313,RSK1
313,MAP4K5
313,MKK1
313,PLK1
313,TAO1
313,IRAK1
313,TTK
313,JAK2
313,TIE2
313,MST2
313,RIPK2
313,ERK5
313,p38 delta MAPK
313,PDK1
313,CDK9-Cyclin T1
313,SIK3
313,ULK2
313,FGF-R1
313,HER4
313,IGF-1R
313,PIM1
313,EPH-A2
313,PDGFRA
313,MSK1
313,MST3
313,MST4
313,MPSK1
313,Src
313,MELK
313,EPH-B1
313,p38 beta MAPK
313,PKD1
313,SmMLCK
313,CK1 delta 
313,TBK1
313,IRR
313,IRAK4
313,PKC alpha 
313,EIF2AK3
313,ASK1
313,BTK
313,SYK
313,BRK
313,YES1
313,PAK4
313,CSK
313,EPH-B3
313,MKK2
313,JNK1
313,p38 alpha MAPK
313,STK33
313,Aurora A
313,CK1 gamma 2
313,SRPK1
313,CHK1
313,p38 gamma MAPK
313,SGK1
313,PKA
313,JNK3
313,MNK2
313,MARK3
313,MAPKAP-K2 
313,Aurora B
313,MARK4
313,CAMK1
313,JNK2
313,PRAK
313,TGFBR1
313,PKC zeta 
313,PAK5
313,MARK2
313,PKB beta 
313,PKB alpha 
313,MNK1
313,PAK6
313,MARK1
313,ULK1
313,IKK beta 
313,OSR1
313,ROCK 2
314,JAK2
314,EPH-B1
314,MLK1
314,MLK3
314,PAK4
314,EPH-B2
314,ZAP70
314,IGF-1R
314,Lck
314,EPH-A2
314,EPH-A4
314,IR
314,DDR2
314,BTK
314,ULK1
314,CSK
314,YES1
314,IRR
314,NUAK1
314,IKK epsilon 
314,EPH-B4
314,FGF-R1
314,Aurora B
314,JNK3
314,IRAK1
314,HER4
314,JNK2
314,S6K1
314,PAK5
314,AMPK (hum)
314,Aurora A
314,SGK1
314,ULK2
314,VEGFR1
314,EPH-B3
314,TrkA
314,ERK8
314,LKB1
314,SIK2
314,CLK2
314,Src
314,TSSK1
314,TESK1
315,PDGFRA
315,CLK2
317,RSK1
317,AMPK (hum)
317,MARK3
317,EIF2AK3
317,RSK2
317,PDK1
317,MARK2
317,SIK2
317,TSSK1
317,IKK epsilon 
317,MAP4K3
317,MARK4
317,MST2
317,MAP4K5
317,MLK1
317,TrkA
317,MKK1
317,SIK3
317,JAK2
317,MARK1
317,GCK
317,MLK3
317,PDGFRA
317,MKK2
317,Aurora B
317,VEGFR1
317,PRK2
317,SYK
317,CHK1
317,PKR
317,S6K1
317,NUAK1
317,BRK
317,TIE2
317,MELK
317,CDK2-Cyclin A
317,TBK1
317,MINK1
317,TAO1
317,ULK2
317,BRSK2
317,PAK4
317,Lck
317,Src
317,PKA
317,PAK5
317,ROCK 2
317,IRAK4
317,DDR2
317,TLK1
317,DAPK1
317,p38 delta MAPK
317,PKD1
317,CLK2
317,MSK1
317,TAK1
317,STK33
317,TESK1
317,YES1
317,CHK2
317,PKC alpha 
319,SYK
319,IGF-1R
319,CK1 delta 
319,PIM1
319,PAK5
319,MLK1
319,CAMK1
319,PIM3
319,CLK2
319,GCK
319,Src
319,YES1
319,IR
319,MKK2
319,SIK2
319,PAK6
319,MAP4K3
319,BRK
319,EPH-B2
319,MKK1
319,ERK8
319,DAPK1
319,MLK3
319,MARK3
319,DYRK3
319,EPH-A4
319,TrkA
319,SmMLCK
319,IRAK4
319,MINK1
319,TAK1
319,Lck
319,CHK2
319,NUAK1
319,MST2
319,BTK
319,PRK2
319,ZAP70
319,PKD1
319,CHK1
319,PAK4
319,IRR
319,PINK
319,ERK2
319,JAK2
319,HER4
319,ERK5
319,TAO1
319,PKC alpha 
319,TSSK1
319,MST3
319,TESK1
319,ERK1
319,MAP4K5
319,IRAK1
319,STK33
319,ULK1
319,PHK
319,SIK3
319,CDK2-Cyclin A
319,CAMKK beta 
319,RIPK2
319,ROCK 2
319,AMPK (hum)
319,MELK
319,ULK2
319,CDK9-Cyclin T1
319,EPH-A2
319,PKC gamma 
319,MARK2
319,MARK4
319,MST4
319,DDR2
319,RSK1
319,RSK2
319,CK1 gamma 2
319,IKK epsilon 
319,MKK6
319,MNK2
319,LKB1
319,CK2
319,MARK1
319,PDGFRA
319,OSR1
319,p38 gamma MAPK
319,S6K1
319,EPH-B4
319,MSK1
319,GSK3 beta 
319,JNK1
319,DYRK1A
319,NEK2a
319,EPH-B1
319,JNK2
319,JNK3
319,p38 delta MAPK
319,PAK2
319,TTK
319,CSK
319,PKB alpha 
319,TTBK2
320,NUAK1
320,Aurora B
320,SIK2
320,MLK1
320,VEGFR1
320,MARK3
320,AMPK (hum)
320,MARK4
320,ERK8
320,PDK1
320,FGF-R1
320,MARK1
320,IRAK4
320,JAK2
320,MLK3
320,SIK3
320,GCK
320,CDK2-Cyclin A
320,MARK2
320,BRSK1
320,TBK1
320,BRSK2
320,CHK1
320,Aurora A
320,TAK1
320,ULK1
320,TrkA
320,CAMKK beta 
320,CHK2
320,MAP4K3
320,MKK1
320,MKK2
320,SYK
320,IKK epsilon 
320,CLK2
320,PDGFRA
320,PKA
320,MELK
320,MST2
320,PRK2
320,STK33
320,IR
320,MAP4K5
320,ABL
320,PKD1
320,BRK
320,BTK
320,RSK1
320,ULK2
320,YES1
320,Lck
320,RSK2
320,MNK2
320,TSSK1
320,IGF-1R
320,TAO1
320,ASK1
320,RIPK2
320,PHK
320,MST4
320,IRAK1
320,LKB1
320,MST3
321,ERK8
321,JAK2
321,Aurora B
321,TAK1
321,TAO1
323,CK1 delta 
323,VEGFR1
324,VEGFR1
324,CK1 delta 
324,Aurora B
324,RSK2
324,RSK1
327,Aurora B
327,BRSK2
327,DYRK3
327,MLK3
327,ERK2
327,TSSK1
327,PRAK
327,VEGFR1
327,MAP4K3
328,EPH-B1
328,ABL
328,DDR2
328,Lck
328,YES1
328,BTK
328,EPH-A2
328,EPH-B2
328,EPH-B3
328,Src
328,SIK2
328,SIK3
328,BRK
328,EPH-A4
328,MAP4K5
328,EPH-B4
328,PDGFRA
328,RIPK2
328,HER4
328,TESK1
328,CSK
328,p38 alpha MAPK
328,MLK3
328,MLK1
328,JAK2
328,p38 beta MAPK
329,ABL
329,EPH-B1
329,EPH-B2
329,MAP4K5
329,MAP4K3
329,MINK1
329,Src
329,Lck
329,YES1
329,BTK
329,EPH-A2
329,EPH-A4
329,EPH-B3
329,HER4
329,SIK3
329,EPH-B4
329,DDR2
329,SIK2
329,GCK
329,CSK
329,TAK1
329,IKK epsilon 
329,MST4
329,TrkA
329,MLK3
329,CHK2
329,PHK
329,STK33
329,MST2
329,MLK1
329,MKK2
329,NUAK1
329,MST3
329,TSSK1
329,CLK2
329,IRAK4
329,AMPK (hum)
329,JAK2
329,CAMKK beta 
329,SmMLCK
329,TBK1
329,MKK1
329,TLK1
329,ULK2
329,SYK
329,MARK3
329,HIPK2
329,ULK1
329,RIPK2
329,BRK
329,Aurora B
330,ERK8
330,TAK1
339,DYRK1A
339,CLK2
339,ERK8
339,PIM1
339,PRK2
339,GCK
339,DYRK2
339,DYRK3
339,MINK1
339,CDK2-Cyclin A
339,IRAK1
339,RIPK2
339,CAMKK beta 
339,CHK2
339,TSSK1
339,ROCK 2
339,AMPK (hum)
339,NEK2a
339,p38 gamma MAPK
339,MAP4K3
339,MELK
339,NUAK1
339,CHK1
339,Aurora B
339,HIPK2
339,TAO1
339,SGK1
339,MNK2
339,SmMLCK
339,PIM3
339,RSK1
339,PKD1
339,S6K1
339,IKK epsilon 
339,MKK1
339,HIPK1
339,HIPK3
339,CK2
339,TBK1
339,BRSK2
339,PKC gamma 
339,PHK
339,MST4
339,VEGFR1
339,BRSK1
339,ERK5
339,MSK1
339,p38 delta MAPK
339,DAPK1
339,ASK1
339,ERK1
339,GSK3 beta 
339,MLK3
339,STK33
339,MARK3
339,PAK4
339,MAP4K5
339,MKK2
339,RSK2
339,ULK2
339,MAPKAP-K2 
339,IRAK4
339,JAK2
339,CDK9-Cyclin T1
339,MNK1
339,ERK2
339,PIM2
339,YES1
339,IGF-1R
339,ULK1
339,PKA
339,MARK1
339,MST2
339,CK1 gamma 2
340,PLK1
340,CAMKK beta 
340,SmMLCK
340,CLK2
340,PKD1
341,MAP4K3
341,PHK
341,AMPK (hum)
341,MLK1
341,TrkA
341,CAMKK beta 
341,NUAK1
341,MLK3
341,ULK2
341,PRK2
341,MST2
341,VEGFR1
341,CDK2-Cyclin A
341,SIK2
341,MAP4K5
341,MARK3
341,ERK8
341,RIPK2
341,DDR2
341,PDGFRA
341,SIK3
341,CDK9-Cyclin T1
341,GCK
341,RSK1
341,MARK1
341,MNK2
341,MINK1
341,Lck
341,Aurora B
341,MARK4
341,YES1
341,IRAK4
341,BRSK1
341,MARK2
341,DYRK1A
341,MKK2
341,MELK
341,MNK1
341,ROCK 2
341,ULK1
341,MKK1
341,BRSK2
341,MST3
341,TAK1
341,ABL
341,RSK2
341,TSSK1
341,DYRK3
341,IRAK1
341,CLK2
342,HER4
342,MAP4K5
342,CHK2
342,Src
343,SGK1
343,S6K1
343,MLK3
343,TIE2
343,MLK1
343,ERK8
343,PAK4
343,MAP4K5
343,CAMK1
344,SGK1
344,S6K1
344,TIE2
344,MLK3
344,HIPK2
344,MLK1
344,MSK1
344,PAK4
344,MAP4K5
344,ERK8
344,GCK
344,HIPK3
345,S6K1
345,SGK1
345,MLK3
345,MLK1
345,TIE2
345,GCK
345,MAP4K5
345,TAK1
345,Aurora B
345,MAP4K3
345,MSK1
345,PAK4
349,S6K1
349,SGK1
349,MLK3
349,MLK1
349,TIE2
349,MAP4K5
349,MAP4K3
349,MSK1
349,GCK
349,ERK8
349,Aurora B
349,HIPK2
349,TAK1
349,PAK4
349,RSK1
349,CHK2
350,SGK1
350,PKA
350,MSK1
350,PRK2
351,CLK2
351,TSSK1
351,NUAK1
351,JNK3
351,ASK1
351,CAMK1
351,CHK2
351,STK33
351,PRAK
351,SmMLCK
351,CAMKK beta 
351,PHK
351,ERK5
351,JNK1
351,JNK2
351,AMPK (hum)
351,PIM3
351,PKD1
352,S6K1
352,RSK1
352,MSK1
352,MAP4K3
352,SGK1
352,MLK1
352,MELK
352,CAMK1
352,RSK2
352,CHK2
352,MLK3
352,IKK epsilon 
352,PKB beta 
352,STK33
352,PKD1
352,HIPK3
352,HIPK2
352,ERK8
353,S6K1
353,RSK1
353,SGK1
353,MSK1
353,CHK2
353,MELK
353,MLK1
353,MLK3
353,CAMK1
353,IKK epsilon 
353,RSK2
353,MAP4K3
353,HIPK2
353,PKB beta 
353,STK33
353,ERK8
354,MAP4K5
354,MINK1
354,PKD1
354,TSSK1
354,MAP4K3
354,TAK1
354,CAMK1
354,RIPK2
354,PDGFRA
354,TAO1
354,PAK4
354,MLK1
354,PAK5
354,MLK3
354,AMPK (hum)
355,S6K1
355,SGK1
355,CAMK1
355,MAP4K3
355,RSK1
355,CHK2
355,MELK
355,ERK8
355,MAP4K5
355,MSK1
355,PKD1
355,RSK2
355,TIE2
355,MLK3
355,MLK1
355,SmMLCK
355,AMPK (hum)
355,MKK2
355,IKK epsilon 
355,HIPK2
356,S6K1
356,SGK1
356,MAP4K3
356,CAMK1
356,RSK1
356,CHK2
356,MLK1
356,MSK1
356,MLK3
356,MELK
356,PKD1
356,AMPK (hum)
356,TIE2
356,ERK8
356,MAP4K5
356,SmMLCK
356,RSK2
356,IKK epsilon 
356,MKK2
356,ULK2
356,PKB alpha 
356,HIPK2
356,MST4
357,WNK1
357,DYRK2
