u1,2,CK1 delta
u2,2,CSK
u3,2,Lck
u4,2,PKD1
u5,2,MST2
u6,2,p38 alpha MAPK
u7,2,p38 beta MAPK
u8,2,PAK5
u9,2,MELK
u10,2,ROCK 2
u11,2,MARK3
u12,2,CHK2
u13,2,PAK4
u14,2,PKC alpha
u15,2,MSK1
u16,2,PKB alpha
u17,3,PKD1
u18,3,Lck
u19,3,CSK
u20,3,PKA
u21,3,Src
u22,3,p38 alpha MAPK
u23,3,MST2
u24,3,CK1 delta
u25,3,p38 beta MAPK
u26,3,MELK
u27,3,ERK2
u28,3,CDK2-Cyclin A
u29,3,CHK2
u30,3,ERK1
u31,3,CAMK1
u32,3,PAK5
u33,3,ERK8
u34,3,PAK4
u35,5,PKB beta
u36,5,PRK2
u37,5,PKB alpha
u38,5,PKA
u39,5,DYRK1A
u40,5,ROCK 2
u41,5,DYRK3
u42,5,MSK1
u43,5,PIM3
u44,5,PIM1
u45,5,PIM2
u46,5,PKD1
u47,5,HIPK2
u48,5,DYRK2
u49,5,RSK2
u50,5,SmMLCK
u51,5,ERK8
u52,5,PKC alpha
u53,5,MST2
u54,5,CDK2-Cyclin A
u55,5,RSK1
u56,5,S6K1
u57,5,GSK3 beta
u58,6,MLK3
u59,6,PIM1
u60,6,PIM3
u61,6,MINK1
u62,6,DYRK3
u63,6,CAMK1
u64,6,MEKK1
u65,6,MAPKAP-K3
u66,6,HER4
u67,6,RSK1
u68,6,NUAK1
u69,6,Src
u70,6,BTK
u71,6,PKB beta
u72,6,VEGFR1
u73,6,IKK epsilon
u74,6,YES1
u75,6,RSK2
u76,6,EPH-B2
u77,6,MST4
u78,6,GCK
u79,6,PRAK
u80,6,GSK3 beta
u81,6,PIM2
u82,6,MLK1
u83,6,TAO1
u84,6,MKK2
u85,6,NEK2a
u86,6,HIPK2
u87,6,SmMLCK
u88,6,MST2
u89,6,MELK
u90,6,Aurora B
u91,6,ERK8
u92,6,PKD1
u93,6,PLK1
u94,6,DYRK1A
u95,6,MKK1
u96,6,PKC zeta
u97,6,BRSK2
u98,6,TrkA
u99,6,TBK1
u100,6,Aurora C
u101,6,MAPKAP-K2
u102,6,CLK2
u103,6,JAK2
u104,6,CHK2
u105,6,DYRK2
u106,6,IRAK4
u107,6,SRPK1
u108,6,HIPK1
u109,6,SYK
u110,6,PAK4
u111,6,S6K1
u112,6,MARK3
u113,6,MSK1
u114,6,IKK beta
u115,6,PAK5
u116,6,EPH-A2
u117,6,PKA
u118,6,CHK1
u119,6,HIPK3
u120,6,MARK4
u121,6,CSK
u122,6,CAMKK beta
u123,6,SGK1
u124,6,TTK
u125,6,ROCK 2
u126,6,ERK2
u127,6,MARK2
u128,6,EPH-B4
u129,6,FGF-R1
u130,7,SGK1
u131,7,DYRK1A
u132,7,PIM3
u133,7,MSK1
u134,7,DYRK3
u135,7,DYRK2
u136,8,MELK
u137,8,PLK1
u138,8,PKB beta
u139,8,HIPK2
u140,8,PIM1
u141,8,PRAK
u142,8,PHK
u143,8,PIM3
u144,8,ERK8
u145,8,GSK3 beta
u146,8,CDK2-Cyclin A
u147,8,CAMKK beta
u148,8,IRR
u149,8,BTK
u150,8,VEGFR1
u151,9,SmMLCK
u152,9,CAMK1
u153,9,PKB alpha
u154,9,MAPKAP-K2
u155,9,MKK1
u156,9,SGK1
u157,9,NEK7
u158,9,PIM3
u159,9,PIM1
u160,9,RSK2
u161,9,PIM2
u162,9,PKB beta
u163,9,Lck
u164,9,PAK4
u165,9,S6K1
u166,9,RSK1
u167,9,PKA
u168,9,EF2K
u169,9,MSK1
u170,9,JNK3
u171,9,GSK3 beta
u172,9,NEK6
u173,9,SYK
u174,9,ERK2
u175,9,MELK
u176,9,JNK1
u177,10,GSK3 beta
u178,10,CDK2-Cyclin A
u179,10,PHK
u180,10,CHK2
u181,10,YES1
u182,10,SYK
u183,10,PAK4
u184,10,TBK1
u185,10,BRSK2
u186,10,IRR
u187,10,PAK5
u188,10,FGF-R1
u189,10,PKC zeta
u190,11,GSK3 beta
u191,11,CDK2-Cyclin A
u192,11,ERK8
u193,11,IRR
u194,11,DYRK1A
u195,12,GSK3 beta
u196,12,PIM3
u197,12,DYRK2
u198,12,PIM1
u199,12,PIM2
u200,12,HIPK2
u201,12,DYRK1A
u202,12,DYRK3
u203,12,ERK8
u204,12,IRR
u205,12,HIPK3
u206,12,CK2
u207,12,p38 delta MAPK
u208,12,JNK2
u209,12,PKB alpha
u210,12,ROCK 2
u211,12,PAK4
u212,12,Src
u213,12,MNK2
u214,12,JNK3
u215,12,RSK1
u216,12,PKD1
u217,12,CAMKK beta
u218,12,JNK1
u219,12,PLK1
u220,12,p38 gamma MAPK
u221,12,Aurora C
u222,12,FGF-R1
u223,12,MNK1
u224,12,MARK3
u225,14,PIM3
u226,14,ERK8
u227,14,PKC zeta
u228,14,IKK beta
u229,14,SGK1
u230,14,CAMK1
u231,14,CDK2-Cyclin A
u232,14,PIM1
u233,14,PHK
u234,14,DYRK3
u235,14,PKC alpha
u236,14,MSK1
u237,14,HIPK2
u238,14,PRK2
u239,14,SmMLCK
u240,14,ROCK 2
u241,14,PIM2
u242,14,CK1 delta
u243,14,BRSK2
u244,14,IRR
u245,14,RSK1
u246,14,CHK2
u247,14,PKD1
u248,14,YES1
u249,15,RSK2
u250,15,PKB beta
u251,15,Aurora A
u252,15,CAMK1
u253,15,NUAK1
u254,15,MINK1
u255,15,IKK epsilon
u256,15,VEGFR1
u257,15,BRSK2
u258,16,ERK8
u259,16,p38 alpha MAPK
u260,16,HIPK2
u261,16,Aurora B
u262,16,HIPK3
u263,16,p38 beta MAPK
u264,16,Lck
u265,16,Aurora C
u266,16,MNK2
u267,16,RSK1
u268,16,Src
u269,16,DYRK3
u270,17,NEK2a
u271,17,PLK1
u272,17,MELK
u273,17,PKD1
u274,17,CAMKK beta
u275,17,SmMLCK
u276,17,IGF-1R
u277,17,CLK2
u278,17,EIF2AK3
u279,17,CHK2
u280,17,RSK2
u281,17,CK1 delta
u282,17,PHK
u283,17,RSK1
u284,17,HIPK2
u285,17,Lck
u286,17,NEK6
u287,17,IRAK4
u288,17,CAMK1
u289,18,RSK1
u290,18,RSK2
u291,18,PLK1
u292,18,MELK
u293,18,PIM3
u294,18,MST4
u295,18,VEGFR1
u296,18,Aurora A
u297,18,Aurora B
u298,18,MLK3
u299,18,PIM1
u300,18,MST2
u301,18,MINK1
u302,18,GCK
u303,18,TAO1
u304,18,TrkA
u305,18,CAMKK beta
u306,18,NUAK1
u307,18,TAK1
u308,18,CLK2
u309,18,PAK4
u310,18,MLK1
u311,18,JAK2
u312,18,FGF-R1
u313,18,IR
u314,18,IGF-1R
u315,18,HIPK2
u316,18,TIE2
u317,18,CDK2-Cyclin A
u318,18,STK33
u319,18,IRR
u320,18,GSK3 beta
u321,18,BRSK2
u322,18,YES1
u323,18,MKK2
u324,18,MARK4
u325,18,TBK1
u326,18,DYRK3
u327,18,PAK5
u328,18,TTK
u329,18,IKK epsilon
u330,18,MARK3
u331,18,IRAK4
u332,18,CK1 delta
u333,18,MARK1
u334,18,Lck
u335,18,PAK6
u336,18,PKC alpha
u337,18,SYK
u338,18,MARK2
u339,18,ERK8
u340,18,ABL
u341,18,S6K1
u342,18,ERK1
u343,18,BRSK1
u344,18,EPH-B3
u345,18,PKC gamma
u346,18,DYRK2
u347,18,BTK
u348,18,SmMLCK
u349,18,DYRK1A
u350,18,MKK1
u351,18,EPH-B2
u352,18,LKB1
u353,19,SGK1
u354,19,PDK1
u355,19,PHK
u356,19,ERK8
u357,19,MST2
u358,19,BTK
u359,19,FGF-R1
u360,19,SYK
u361,19,VEGFR1
u362,19,HIPK2
u363,19,Lck
u364,19,S6K1
u365,19,CHK2
u366,19,CDK2-Cyclin A
u367,19,MELK
u368,19,YES1
u369,19,Src
u370,19,PIM3
u371,19,AMPK
u372,19,CAMKK beta
u373,19,IGF-1R
u374,19,TBK1
u375,19,RSK1
u376,19,MSK1
u377,19,CAMK1
u378,19,PAK4
u379,19,GSK3 beta
u380,19,IKK epsilon
u381,19,CHK1
u382,19,PAK5
u383,19,MARK3
u384,19,EPH-A2
u385,19,MST4
u386,19,BRSK2
u387,19,NEK6
u388,19,TrkA
u389,19,SmMLCK
u390,19,ROCK 2
u391,19,DYRK1A
u392,19,PIM2
u393,19,BRSK1
u394,19,MLK3
u395,19,IRR
u396,19,CSK
u397,19,IR
u398,19,PAK6
u399,19,PIM1
u400,19,PRAK
u401,19,PKB beta
u402,19,PKC alpha
u403,19,EPH-B3
u404,19,PKA
u405,19,p38 beta MAPK
u406,19,DYRK2
u407,19,MAPKAP-K2
u408,19,MKK1
u409,19,CK1 delta
u410,19,RSK2
u411,19,PLK1
u412,19,ERK1
u413,19,p38 gamma MAPK
u414,19,PRK2
u415,19,JNK2
u416,19,PKC zeta
u417,19,JNK1
u418,19,DYRK3
u419,19,MLK1
u420,19,MNK2
u421,19,Aurora A
u422,20,p38 alpha MAPK
u423,20,JNK2
u424,20,p38 beta MAPK
u425,20,VEGFR1
u426,20,RSK1
u427,20,p38 gamma MAPK
u428,20,FGF-R1
u429,20,p38 delta MAPK
u430,20,BRSK2
u431,20,RSK2
u432,22,IKK beta
u433,22,ERK8
u434,22,NUAK1
u435,22,DYRK2
u436,23,IKK epsilon
u437,23,Aurora B
u438,23,TBK1
u439,23,Aurora C
u440,23,PDK1
u441,23,MARK3
u442,23,MELK
u443,23,AMPK
u444,23,FGF-R1
u445,23,ERK8
u446,23,CAMKK beta
u447,23,GSK3 beta
u448,23,BRSK2
u449,23,PAK4
u450,23,MKK1
u451,23,MNK2
u452,23,CHK1
u453,23,CDK2-Cyclin A
u454,23,RSK1
u455,23,PAK5
u456,23,Src
u457,23,RSK2
u458,23,Lck
u459,23,PRK2
u460,23,DYRK3
u461,23,p38 beta MAPK
u462,23,SGK1
u463,23,CHK2
u464,23,PKD1
u465,23,CAMKK alpha
u466,24,CHK2
u467,24,MKK1
u468,24,ERK8
u469,24,AMPK
u470,24,MELK
u471,24,MST2
u472,24,BRSK2
u473,24,VEGFR1
u474,24,MARK3
u475,24,PHK
u476,24,DYRK2
u477,24,FGF-R1
u478,24,RSK2
u479,24,PDK1
u480,24,CHK1
u481,24,RSK1
u482,24,PIM3
u483,24,PKD1
u484,24,DYRK3
u485,24,PRK2
u486,24,YES1
u487,24,TBK1
u488,24,IRR
u489,24,GSK3 beta
u490,25,CHK2
u491,25,PDK1
u492,25,PHK
u493,25,MELK
u494,25,DYRK2
u495,25,MST2
u496,25,MKK1
u497,25,ERK8
u498,25,SmMLCK
u499,25,CHK1
u500,25,DYRK3
u501,25,HIPK2
u502,25,Src
u503,25,FGF-R1
u504,25,IGF-1R
u505,25,VEGFR1
u506,25,PIM1
u507,25,PKD1
u508,25,GSK3 beta
u509,25,MARK3
u510,25,Lck
u511,25,YES1
u512,25,ERK1
u513,25,AMPK
u514,25,PRK2
u515,25,RSK1
u516,25,IRR
u517,25,SGK1
u518,25,CDK2-Cyclin A
u519,25,TBK1
u520,25,ROCK 2
u521,25,PIM3
u522,25,SYK
u523,25,PRAK
u524,25,PIM2
u525,25,PAK5
u526,25,BTK
u527,25,BRSK2
u528,25,MAPKAP-K2
u529,25,DYRK1A
u530,25,IKK epsilon
u531,25,S6K1
u532,25,ERK2
u533,25,MNK2
u534,25,JNK2
u535,25,MST4
u536,25,PLK1
u537,25,CAMK1
u538,25,CK1 delta
u539,25,EPH-A2
u540,25,PKC zeta
u541,25,CK2
u542,25,p38 delta MAPK
u543,25,RSK2
u544,25,IKK beta
u545,25,IR
u546,25,PKC alpha
u547,25,NEK2a
u548,25,PAK4
u549,25,MSK1
u550,25,MNK1
u551,25,PKA
u552,25,CAMKK beta
u553,25,PKB beta
u554,25,SRPK1
u555,25,NEK6
u556,25,PAK6
u557,25,CSK
u558,25,p38 alpha MAPK
u559,25,JNK1
u560,25,p38 beta MAPK
u561,26,CDK2-Cyclin A
u562,26,BRSK2
u563,26,IKK epsilon
u564,26,PDK1
u565,26,PRK2
u566,26,MNK1
u567,26,Aurora B
u568,26,AMPK
u569,26,TAK1
u570,26,MKK1
u571,26,ERK8
u572,26,ROCK 2
u573,26,PKD1
u574,26,PHK
u575,26,CHK1
u576,26,CHK2
u577,26,Aurora C
u578,26,MARK3
u579,26,FGF-R1
u580,26,TBK1
u581,26,Aurora A
u582,26,MLK3
u583,26,JAK2
u584,26,GSK3 beta
u585,26,RSK1
u586,26,MELK
u587,26,DYRK3
u588,26,ERK1
u589,26,MARK2
u590,26,MLK1
u591,26,ERK2
u592,26,S6K1
u593,26,MNK2
u594,26,PAK4
u595,26,SYK
u596,26,DYRK2
u597,26,NEK2a
u598,26,NUAK1
u599,26,SGK1
u600,26,MARK1
u601,26,VEGFR1
u602,26,MARK4
u603,26,PKA
u604,26,PKC alpha
u605,26,CAMKK beta
u606,26,Src
u607,26,IRR
u608,26,GCK
u609,26,RSK2
u610,26,YES1
u611,26,CAMK1
u612,26,MST4
u613,26,CLK2
u614,26,HIPK2
u615,26,Lck
u616,26,MST2
u617,26,PAK5
u618,26,JNK1
u619,26,PAK6
u620,26,JNK2
u621,26,p38 gamma MAPK
u622,26,PIM3
u623,26,IRAK4
u624,26,MSK1
u625,26,p38 delta MAPK
u626,26,TrkA
u627,26,MEKK1
u628,26,HIPK3
u629,26,BRSK1
u630,26,DYRK1A
u631,26,JNK3
u632,26,CK2
u633,26,DAPK1
u634,26,IKK beta
u635,26,PRAK
u636,26,PKB alpha
u637,28,CK1 delta
u638,28,MNK1
u639,28,BRSK2
u640,28,Aurora B
u641,28,MKK1
u642,28,PIM3
u643,28,Lck
u644,28,YES1
u645,28,ERK8
u646,28,ERK1
u647,28,CHK1
u648,28,CDK2-Cyclin A
u649,28,MNK2
u650,28,Src
u651,28,EPH-A2
u652,28,PHK
u653,28,DYRK2
u654,28,FGF-R1
u655,28,PIM1
u656,28,PDK1
u657,28,DYRK3
u658,28,IRR
u659,28,CHK2
u660,28,RSK1
u661,28,SGK1
u662,28,RSK2
u663,28,MST2
u664,28,Aurora C
u665,28,MARK3
u666,31,MLK3
u667,31,MINK1
u668,31,NEK6
u669,31,VEGFR1
u670,31,CAMK1
u671,31,MLK1
u672,31,NEK2a
u673,31,TIE2
u674,31,IKK beta
u675,31,IKK epsilon
u676,31,HIPK3
u677,31,PKB beta
u678,31,GCK
u679,31,IRAK4
u680,31,ERK8
u681,31,FGF-R1
u682,31,DYRK3
u683,31,HIPK2
u684,31,BTK
u685,31,Src
u686,31,BRSK1
u687,31,MAPKAP-K3
u688,31,YES1
u689,31,RSK2
u690,31,SYK
u691,33,GSK3 beta
u692,33,PKC alpha
u693,33,MELK
u694,33,CDK2-Cyclin A
u695,33,AMPK
u696,33,PLK1
u697,33,PKD1
u698,33,DYRK1A
u699,33,CAMKK alpha
u700,33,MSK1
u701,34,CK1 delta
u702,34,SGK1
u703,34,MNK1
u704,34,PIM1
u705,34,PIM3
u706,34,ERK8
u707,34,AMPK
u708,34,DYRK1A
u709,34,MSK1
u710,34,BRSK2
u711,34,DYRK3
u712,34,PRK2
u713,34,RSK1
u714,34,S6K1
u715,35,CLK2
u716,35,ERK8
u717,35,PHK
u718,35,CK1 delta
u719,35,DYRK1A
u720,35,MINK1
u721,35,DYRK3
u722,35,GCK
u723,35,TAK1
u724,35,Lck
u725,35,EPH-B4
u726,35,HIPK2
u727,35,EPH-B1
u728,35,MLK3
u729,35,RIPK2
u730,35,CDK2-Cyclin A
u731,35,CK2
u732,35,YES1
u733,35,DYRK2
u734,35,EPH-A4
u735,35,EPH-B2
u736,35,EPH-B3
u737,35,IRAK4
u738,35,FGF-R1
u739,35,TrkA
u740,35,PRK2
u741,35,Src
u742,35,MSK1
u743,35,VEGFR1
u744,35,AMPK
u745,35,MELK
u746,35,Aurora B
u747,35,NUAK1
u748,35,CSK
u749,35,ROCK 2
u750,35,HIPK1
u751,35,MNK1
u752,35,MARK3
u753,35,TBK1
u754,35,CAMKK beta
u755,35,GSK3 beta
u756,35,IRR
u757,35,RSK1
u758,35,IKK epsilon
u759,35,IR
u760,35,SGK1
u761,35,Aurora A
u762,35,MNK2
u763,35,MLK1
u764,35,BRSK2
u765,35,S6K1
u766,35,HIPK3
u767,35,BTK
u768,35,TTK
u769,35,DAPK1
u770,35,PKB alpha
u771,35,CHK2
u772,35,BRSK1
u773,35,SYK
u774,35,PKB beta
u775,35,EPH-A2
u776,35,PKA
u777,35,PAK4
u778,35,MARK1
u779,35,CHK1
u780,35,PIM1
u781,35,p38 beta MAPK
u782,35,RSK2
u783,41,DYRK2
u784,41,PHK
u785,41,DYRK1A
u786,41,DYRK3
u787,41,MLK3
u788,41,CLK2
u789,41,GCK
u790,41,RIPK2
u791,41,HIPK2
u792,41,ERK8
u793,41,PIM1
u794,41,PIM3
u795,41,MINK1
u796,41,RSK1
u797,41,CHK2
u798,41,PIM2
u799,41,MLK1
u800,41,PKB beta
u801,41,VEGFR1
u802,41,IKK epsilon
u803,41,IRR
u804,41,CAMK1
u805,41,TrkA
u806,41,CAMKK beta
u807,41,Aurora A
u808,41,TTK
u809,41,RSK2
u810,41,S6K1
u811,41,YES1
u812,41,FGF-R1
u813,41,HIPK3
u814,41,IRAK4
u815,41,BTK
u816,41,MELK
u817,41,MEKK1
u818,41,SRPK1
u819,41,MST2
u820,41,HER4
u821,41,NUAK1
u822,41,SmMLCK
u823,41,TAO1
u824,41,DAPK1
u825,41,PKC alpha
u826,41,HIPK1
u827,41,TAK1
u828,41,ROCK 2
u829,42,CK1 delta
u830,42,p38 alpha MAPK
u831,42,PKD1
u832,43,DYRK2
u833,43,PKB beta
u834,43,EPH-B3
u835,43,PKC zeta
u836,43,PRAK
u837,43,DYRK3
u838,43,NEK2a
u839,43,SRPK1
u840,43,RSK2
u841,43,MARK3
u842,43,DYRK1A
u843,43,FGF-R1
u844,43,PLK1
u845,43,PAK6
u846,43,Aurora B
u847,43,YES1
u848,43,PIM1
u849,43,HIPK2
u850,43,PKD1
u851,43,ERK1
u852,43,PIM3
u853,43,BTK
u854,43,CAMK1
u855,43,IGF-1R
u856,43,ERK8
u857,43,VEGFR1
u858,43,IKK beta
u859,43,Src
u860,43,MAPKAP-K2
u861,43,PAK4
u862,43,BRSK2
u863,43,MST4
u864,43,IKK epsilon
u865,43,IRR
u866,43,PAK5
u867,43,S6K1
u868,43,MST2
u869,43,MSK1
u870,43,RSK1
u871,43,PIM2
u872,44,Src
u873,44,Lck
u874,44,S6K1
u875,44,MNK1
u876,44,CAMKK beta
u877,45,MKK1
u878,45,ERK8
u879,45,HIPK2
u880,45,CLK2
u881,45,IRR
u882,45,JNK1
u883,45,CDK2-Cyclin A
u884,45,DYRK2
u885,45,YES1
u886,45,SGK1
u887,45,S6K1
u888,45,IGF-1R
u889,45,JNK2
u890,46,CK1 delta
u891,46,PIM2
u892,46,DYRK1A
u893,46,Aurora B
u894,46,MNK2
u895,46,ERK8
u896,46,SmMLCK
u897,46,GSK3 beta
u898,46,GCK
u899,46,RIPK2
u900,46,MNK1
u901,46,PIM3
u902,46,DYRK3
u903,46,SGK1
u904,46,PIM1
u905,46,PRK2
u906,46,CLK2
u907,46,Lck
u908,46,MSK1
u909,46,CK2
u910,46,IRR
u911,46,S6K1
u912,46,DYRK2
u913,46,CHK2
u914,46,Src
u915,46,JAK2
u916,47,RSK1
u917,47,PKC alpha
u918,47,MSK1
u919,47,PHK
u920,47,DYRK1A
u921,47,SGK1
u922,47,GSK3 beta
u923,47,CDK2-Cyclin A
u924,47,S6K1
u925,47,AMPK
u926,47,PKD1
u927,47,CHK1
u928,47,MAPKAP-K2
u929,47,PKB alpha
u930,47,PKA
u931,47,Lck
u932,47,ROCK 2
u933,47,MKK1
u934,48,Lck
u935,48,EPH-B2
u936,48,EPH-B3
u937,48,RIPK2
u938,48,MELK
u939,48,EPH-A2
u940,48,HER4
u941,48,IR
u942,48,YES1
u943,49,MST2
u944,49,PKC alpha
u945,49,PHK
u946,49,CHK1
u947,49,PRK2
u948,49,RSK2
u949,49,PIM3
u950,49,PAK4
u951,49,PKD1
u952,49,MSK1
u953,49,PAK5
u954,49,PAK6
u955,49,RSK1
u956,49,CDK2-Cyclin A
u957,49,PDK1
u958,49,S6K1
u959,49,CAMKK beta
u960,49,AMPK
u961,49,MARK3
u962,49,MELK
u963,49,PIM1
u964,49,Aurora B
u965,49,GSK3 beta
u966,49,Aurora C
u967,49,HIPK2
u968,49,SmMLCK
u969,49,DYRK1A
u970,49,DYRK3
u971,49,MNK2
u972,49,ERK8
u973,49,CAMKK alpha
u974,49,ERK2
u975,49,BRSK2
u976,49,MKK1
u977,50,RSK2
u978,50,PKC alpha
u979,50,PIM1
u980,50,PIM3
u981,50,S6K1
u982,50,PIM2
u983,50,PKA
u984,50,MST2
u985,50,MSK1
u986,50,PDK1
u987,50,SmMLCK
u988,50,PRK2
u989,50,CHK1
u990,50,RSK1
u991,50,GSK3 beta
u992,50,SGK1
u993,50,BRSK2
u994,50,Aurora C
u995,50,PKB alpha
u996,50,MELK
u997,50,CHK2
u998,50,PHK
u999,50,Aurora B
u1000,50,PKB beta
u1001,50,MKK1
u1002,50,CAMK1
u1003,50,AMPK
u1004,50,DYRK3
u1005,50,HIPK2
u1006,50,MARK3
u1007,50,JNK2
u1008,50,p38 delta MAPK
u1009,50,CAMKK beta
u1010,50,DYRK1A
u1011,50,Lck
u1012,50,PKD1
u1013,52,PIM1
u1014,52,PIM3
u1015,52,DYRK1A
u1016,52,PIM2
u1017,52,MST2
u1018,52,RSK2
u1019,52,DYRK3
u1020,52,HIPK2
u1021,52,RSK1
u1022,52,GSK3 beta
u1023,52,PLK1
u1024,52,DYRK2
u1025,52,HIPK3
u1026,52,Lck
u1027,52,ROCK 2
u1028,52,CK2
u1029,52,Aurora B
u1030,52,CHK2
u1031,52,SRPK1
u1032,52,PHK
u1033,52,p38 alpha MAPK
u1034,52,MARK3
u1035,52,ERK8
u1036,52,MELK
u1037,52,CAMKK beta
u1038,52,PKD1
u1039,52,SmMLCK
u1040,52,PRAK
u1041,52,Aurora C
u1042,52,PKC zeta
u1043,52,PAK4
u1044,52,MKK1
u1045,52,AMPK
u1046,52,SGK1
u1047,52,S6K1
u1048,52,MAPKAP-K3
u1049,52,PKC alpha
u1050,52,MSK1
u1051,52,p38 beta MAPK
u1052,52,NEK2a
u1053,52,IKK beta
u1054,52,PRK2
u1055,52,CAMKK alpha
u1056,52,CAMK1
u1057,52,FGF-R1
u1058,52,Src
u1059,53,ROCK 2
u1060,53,PRK2
u1061,53,Aurora B
u1062,53,Aurora C
u1063,53,RSK1
u1064,53,PHK
u1065,53,AMPK
u1066,53,PKA
u1067,53,FGF-R1
u1068,53,BRSK2
u1069,53,MSK1
u1070,53,RSK2
u1071,53,EPH-A2
u1072,53,MNK1
u1073,53,MARK3
u1074,53,MELK
u1075,53,NUAK1
u1076,53,LKB1
u1077,54,PRK2
u1078,54,ROCK 2
u1079,54,RSK1
u1080,54,AMPK
u1081,54,MELK
u1082,54,MSK1
u1083,54,PKD1
u1084,54,RSK2
u1085,54,PKA
u1086,54,PKC alpha
u1087,55,PRK2
u1088,55,ROCK 2
u1089,55,RSK1
u1090,55,AMPK
u1091,55,PKA
u1092,55,MELK
u1093,55,MSK1
u1094,55,DYRK3
u1095,55,RSK2
u1096,55,PKD1
u1097,55,PKB alpha
u1098,55,GSK3 beta
u1099,55,BRSK2
u1100,55,S6K1
u1101,56,PKA
u1102,56,S6K1
u1103,56,NUAK1
u1104,56,PKB alpha
u1105,56,MSK1
u1106,56,ROCK 2
u1107,56,PRK2
u1108,56,RSK1
u1109,56,STK33
u1110,56,PKB beta
u1111,56,ERK8
u1112,56,VEGFR1
u1113,56,CHK2
u1114,56,AMPK (hum)
u1115,56,DYRK3
u1116,56,SGK1
u1117,56,RSK2
u1118,56,CHK1
u1119,56,GCK
u1120,56,AMPK
u1121,56,FGF-R1
u1122,56,MARK3
u1123,56,BRSK2
u1124,56,PKD1
u1125,56,MINK1
u1126,56,PKC zeta
u1127,56,MARK2
u1128,56,PKC gamma
u1129,56,MELK
u1130,56,BRSK1
u1131,56,IRAK1
u1132,56,CDK2-Cyclin A
u1133,56,DAPK1
u1134,56,Aurora B
u1135,56,MKK2
u1136,56,CAMK1
u1137,56,MST3
u1138,56,MAP4K3
u1139,56,SIK2
u1140,57,ROCK 2
u1141,57,ERK8
u1142,57,RSK1
u1143,57,PRK2
u1144,57,MSK1
u1145,57,PKA
u1146,57,NUAK1
u1147,57,S6K1
u1148,57,DYRK3
u1149,57,RSK2
u1150,57,PKD1
u1151,57,CHK2
u1152,57,TAK1
u1153,58,DYRK1A
u1154,58,ERK8
u1155,58,DYRK3
u1156,60,DYRK1A
u1157,61,DYRK1A
u1158,61,DYRK3
u1159,61,DYRK2
u1160,61,IRR
u1161,62,CK1 delta
u1162,62,PIM3
u1163,62,PIM1
u1164,62,Lck
u1165,63,MLK3
u1166,63,MLK1
u1167,63,VEGFR1
u1168,63,Aurora B
u1169,63,TAK1
u1170,63,CDK2-Cyclin A
u1171,63,NUAK1
u1172,63,IKK beta
u1173,63,GCK
u1174,63,JAK2
u1175,63,IGF-1R
u1176,63,BTK
u1177,63,Aurora A
u1178,63,MST2
u1179,63,EPH-B3
u1180,63,MKK2
u1181,63,MINK1
u1182,63,IRAK4
u1183,63,ASK1
u1184,63,Src
u1185,63,YES1
u1186,63,CHK2
u1187,63,MEKK1
u1188,63,EPH-B1
u1189,63,FGF-R1
u1190,63,EPH-B2
u1191,63,MST4
u1192,63,DAPK1
u1193,63,TAO1
u1194,63,EPH-A4
u1195,63,HER4
u1196,63,MKK1
u1197,63,RSK1
u1198,63,ERK8
u1199,63,AMPK
u1200,63,TrkA
u1201,63,BRSK1
u1202,63,RIPK2
u1203,63,IKK epsilon
u1204,63,PHK
u1205,63,EPH-A2
u1206,63,LKB1
u1207,63,PAK4
u1208,63,PDK1
u1209,63,EPH-B4
u1210,63,CAMK1
u1211,63,CLK2
u1212,63,RSK2
u1213,63,Lck
u1214,63,PIM2
u1215,63,TBK1
u1216,63,PIM3
u1217,63,SYK
u1218,63,CHK1
u1219,63,PIM1
u1220,63,PAK5
u1221,63,PRK2
u1222,63,SmMLCK
u1223,63,BRSK2
u1224,63,PKC alpha
u1225,63,MARK1
u1226,63,MARK3
u1227,63,MELK
u1228,63,PKD1
u1229,63,IR
u1230,63,GSK3 beta
u1231,63,HIPK2
u1232,63,PAK6
u1233,63,DYRK2
u1234,64,MINK1
u1235,64,MLK3
u1236,64,PHK
u1237,64,Aurora B
u1238,64,Aurora A
u1239,64,IKK epsilon
u1240,64,IRAK4
u1241,64,RIPK2
u1242,64,MST2
u1243,64,GCK
u1244,64,MLK1
u1245,64,AMPK
u1246,64,VEGFR1
u1247,64,ERK8
u1248,64,TBK1
u1249,64,CLK2
u1250,64,JAK2
u1251,64,CHK2
u1252,64,EPH-B3
u1253,64,TAO1
u1254,64,TrkA
u1255,64,RSK1
u1256,64,BRSK2
u1257,64,MARK3
u1258,64,MARK1
u1259,64,HIPK2
u1260,64,Lck
u1261,64,MNK1
u1262,64,BRSK1
u1263,64,NUAK1
u1264,64,MNK2
u1265,64,MARK2
u1266,64,NEK2a
u1267,64,PAK4
u1268,64,MARK4
u1269,64,YES1
u1270,64,EPH-A4
u1271,64,BTK
u1272,64,MST4
u1273,64,FGF-R1
u1274,64,EPH-B2
u1275,65,IRAK4
u1276,65,CLK2
u1277,65,CK1 delta
u1278,65,IRAK1
u1279,65,MINK1
u1280,65,TAK1
u1281,65,TrkA
u1282,65,DYRK1A
u1283,65,MLK3
u1284,65,GCK
u1285,65,PHK
u1286,65,VEGFR1
u1287,65,CAMKK beta
u1288,65,DYRK3
u1289,65,SRPK1
u1290,65,MLK1
u1291,65,IRR
u1292,66,PHK
u1293,66,MKK1
u1294,66,Aurora A
u1295,66,MAPKAP-K2
u1296,66,DYRK1A
u1297,66,IGF-1R
u1298,66,CHK1
u1299,66,ERK8
u1300,66,RSK1
u1301,66,RSK2
u1302,66,CDK2-Cyclin A
u1303,66,DYRK2
u1304,66,DYRK3
u1305,66,JAK2
u1306,66,JNK1
u1307,66,MSK1
u1308,66,MARK3
u1309,66,PAK6
u1310,66,IR
u1311,66,IKK epsilon
u1312,66,PIM1
u1313,66,CLK2
u1314,66,MST2
u1315,66,MEKK1
u1316,66,IRAK4
u1317,66,ERK2
u1318,66,JNK2
u1319,66,PKA
u1320,66,GSK3 beta
u1321,66,NUAK1
u1322,66,PIM2
u1323,66,PIM3
u1324,66,HIPK2
u1325,66,IRAK1
u1326,66,IRR
u1327,66,TrkA
u1328,66,VEGFR1
u1329,66,JNK3
u1330,66,PDK1
u1331,66,BRSK2
u1332,66,TBK1
u1333,66,MINK1
u1334,66,MLK3
u1335,66,S6K1
u1336,66,PKC zeta
u1337,66,CAMK1
u1338,66,TLK1
u1339,66,PAK4
u1340,66,GCK
u1341,66,TAK1
u1342,66,FGF-R1
u1343,66,PKD1
u1344,66,SmMLCK
u1345,66,CHK2
u1346,66,AMPK
u1347,66,RIPK2
u1348,66,BTK
u1349,66,PRK2
u1350,66,IKK beta
u1351,66,HIPK3
u1352,66,PAK2
u1353,66,PAK5
u1354,66,OSR1
u1355,66,Src
u1356,66,BRK
u1357,66,MELK
u1358,66,PKC alpha
u1359,66,Aurora B
u1360,66,SYK
u1361,66,MKK2
u1362,66,PKB alpha
u1363,66,CAMKK beta
u1364,66,BRSK1
u1365,66,TAO1
u1366,66,MNK2
u1367,66,DAPK1
u1368,66,MARK1
u1369,66,Lck
u1370,66,STK33
u1371,66,ASK1
u1372,66,YES1
u1373,66,ZAP70
u1374,66,MARK4
u1375,66,p38 gamma MAPK
u1376,66,PRAK
u1377,66,HIPK1
u1378,66,TIE2
u1379,66,EPH-A4
u1380,66,ERK1
u1381,66,SGK1
u1382,66,EPH-A2
u1383,66,EPH-B2
u1384,66,MST4
u1385,66,LKB1
u1386,66,p38 delta MAPK
u1387,66,MAPKAP-K3
u1388,66,ROCK 2
u1389,66,MPSK1
u1390,66,HER4
u1391,66,EIF2AK3
u1392,66,MLK1
u1393,66,EPH-B3
u1394,66,SRPK1
u1395,66,TTK
u1396,66,PKB beta
u1397,66,EPH-B1
u1398,66,MARK2
u1399,66,NEK2a
u1400,66,CSK
u1401,66,EPH-B4
u1402,66,p38 beta MAPK
u1403,66,MNK1
u1404,66,PKC gamma
u1405,66,PLK1
u1406,66,MKK6
u1407,66,ABL
u1408,66,p38 alpha MAPK
u1409,67,GSK3 beta
u1410,67,PAK4
u1411,67,PAK5
u1412,67,CDK2-Cyclin A
u1413,67,PHK
u1414,67,CHK2
u1415,67,PIM3
u1416,67,Lck
u1417,67,MARK3
u1418,67,Src
u1419,67,PAK6
u1420,67,BRSK2
u1421,67,MST2
u1422,67,ROCK 2
u1423,67,PIM1
u1424,67,Aurora B
u1425,69,Lck
u1426,69,CAMK1
u1427,69,DYRK1A
u1428,69,PRAK
u1429,70,CAMK1
u1430,70,SmMLCK
u1431,70,TrkA
u1432,71,PDK1
u1433,71,PHK
u1434,71,PIM3
u1435,71,PRK2
u1436,71,PKD1
u1437,71,MNK2
u1438,71,Aurora B
u1439,71,BRSK2
u1440,71,MELK
u1441,71,Aurora C
u1442,71,AMPK
u1443,71,RSK1
u1444,71,CHK1
u1445,71,RSK2
u1446,71,SGK1
u1447,71,MKK1
u1448,71,MST2
u1449,71,CAMKK beta
u1450,71,MAPKAP-K2
u1451,71,MARK3
u1452,71,PAK4
u1453,71,JNK1
u1454,71,DYRK1A
u1455,71,MSK1
u1456,71,DYRK3
u1457,71,PIM1
u1458,71,JNK3
u1459,71,PKA
u1460,72,MKK1
u1461,72,HIPK3
u1462,72,PLK1
u1463,72,Aurora B
u1464,72,GSK3 beta
u1465,72,PHK
u1466,72,IKK epsilon
u1467,72,YES1
u1468,72,MNK2
u1469,72,SmMLCK
u1470,72,FGF-R1
u1471,72,EF2K
u1472,72,HIPK2
u1473,72,CHK2
u1474,72,CK1 delta
u1475,72,Aurora C
u1476,72,MNK1
u1477,72,p38 delta MAPK
u1478,72,CK2
u1479,73,CK2
u1480,73,PIM3
u1481,73,PIM1
u1482,73,PLK1
u1483,73,HIPK2
u1484,73,GSK3 beta
u1485,73,DYRK1A
u1486,73,HIPK3
u1487,73,CK1 delta
u1488,73,PIM2
u1489,73,RSK1
u1490,73,DYRK3
u1491,73,Lck
u1492,73,ERK8
u1493,73,PHK
u1494,73,SmMLCK
u1495,73,CDK2-Cyclin A
u1496,73,BRSK2
u1497,73,EF2K
u1498,73,PRK2
u1499,73,IKK beta
u1500,73,PKC alpha
u1501,73,CAMKK beta
u1502,74,PIM1
u1503,74,PIM3
u1504,74,PKC alpha
u1505,74,RSK2
u1506,74,IKK epsilon
u1507,74,TBK1
u1508,74,MST2
u1509,74,MSK1
u1510,74,PDK1
u1511,74,S6K1
u1512,74,GSK3 beta
u1513,74,RSK1
u1514,74,AMPK
u1515,74,HIPK2
u1516,74,ERK8
u1517,74,PRK2
u1518,74,Aurora B
u1519,74,CAMKK beta
u1520,74,PHK
u1521,74,MKK1
u1522,74,MST4
u1523,74,VEGFR1
u1524,74,CHK1
u1525,74,PIM2
u1526,74,DYRK1A
u1527,74,SmMLCK
u1528,74,IGF-1R
u1529,74,CHK2
u1530,74,DYRK2
u1531,74,CDK2-Cyclin A
u1532,77,PIM3
u1533,77,PIM1
u1534,77,SmMLCK
u1535,77,PRK2
u1536,77,BRSK2
u1537,77,CK2
u1538,77,PIM2
u1539,77,HIPK2
u1540,77,IKK beta
u1541,77,CAMK1
u1542,77,MSK1
u1543,77,S6K1
u1544,78,PRK2
u1545,78,BRSK2
u1546,78,ROCK 2
u1547,78,PIM1
u1548,78,PIM3
u1549,78,MSK1
u1550,78,RSK1
u1551,78,S6K1
u1552,78,CDK2-Cyclin A
u1553,78,CAMK1
u1554,78,RSK2
u1555,78,PKA
u1556,78,CK2
u1557,78,PKC alpha
u1558,78,MNK1
u1559,78,DYRK3
u1560,78,SmMLCK
u1561,78,AMPK
u1562,78,PRAK
u1563,78,MNK2
u1564,78,PIM2
u1565,78,HIPK2
u1566,78,PKB alpha
u1567,78,DYRK1A
u1568,78,PHK
u1569,78,PKD1
u1570,78,ERK8
u1571,78,PKC zeta
u1572,81,MKK1
u1573,82,NEK6
u1574,82,MELK
u1575,82,Lck
u1576,82,CAMKK beta
u1577,82,MST2
u1578,82,DYRK1A
u1579,83,MKK1
u1580,83,JAK2
u1581,83,MKK2
u1582,84,MKK1
u1583,84,RSK1
u1584,85,SmMLCK
u1585,85,DYRK3
u1586,85,PIM3
u1587,85,RSK1
u1588,85,ERK8
u1589,85,GSK3 beta
u1590,86,DYRK2
u1591,86,PIM1
u1592,86,DYRK1A
u1593,86,PIM3
u1594,86,CLK2
u1595,86,MLK1
u1596,86,MLK3
u1597,86,IR
u1598,86,MST2
u1599,86,DYRK3
u1600,86,SmMLCK
u1601,86,BRSK2
u1602,86,NEK2a
u1603,86,BRSK1
u1604,86,VEGFR1
u1605,86,NUAK1
u1606,86,FGF-R1
u1607,86,Src
u1608,86,HIPK2
u1609,87,MKK2
u1610,88,RIPK2
u1611,88,VEGFR1
u1612,88,YES1
u1613,88,MINK1
u1614,88,Aurora B
u1615,88,CLK2
u1616,88,Src
u1617,88,Aurora A
u1618,88,MELK
u1619,88,MKK2
u1620,88,GCK
u1621,88,CAMK1
u1622,88,CHK1
u1623,88,FGF-R1
u1624,88,MLK3
u1625,88,MLK1
u1626,88,Lck
u1627,88,SmMLCK
u1628,88,PAK2
u1629,88,MST2
u1630,88,ERK8
u1631,88,MKK1
u1632,88,JAK2
u1633,88,PAK4
u1634,88,HIPK2
u1635,88,PAK5
u1636,88,HER4
u1637,89,Src
u1638,89,YES1
u1639,89,BRSK2
u1640,89,Lck
u1641,89,BTK
u1642,89,CK1 delta
u1643,89,CSK
u1644,89,EPH-B3
u1645,89,p38 beta MAPK
u1646,89,EPH-A2
u1647,89,p38 alpha MAPK
u1648,89,S6K1
u1649,89,VEGFR1
u1650,89,Aurora C
u1651,89,FGF-R1
u1652,89,MELK
u1653,89,PKA
u1654,89,MST2
u1655,89,Aurora B
u1656,89,PKD1
u1657,89,JNK2
u1658,89,ROCK 2
u1659,89,MSK1
u1660,89,RSK1
u1661,89,JNK3
u1662,89,MNK1
u1663,90,Lck
u1664,90,EPH-B1
u1665,90,EPH-B3
u1666,90,RIPK2
u1667,90,CSK
u1668,90,EPH-B4
u1669,90,Src
u1670,90,EPH-A4
u1671,90,BTK
u1672,90,EPH-B2
u1673,90,YES1
u1674,90,CK1 delta
u1675,90,HER4
u1676,90,FGF-R1
u1677,90,EPH-A2
u1678,90,MKK1
u1679,90,p38 alpha MAPK
u1680,90,p38 beta MAPK
u1681,90,VEGFR1
u1682,90,PKA
u1683,90,MELK
u1684,90,MKK2
u1685,90,PKC alpha
u1686,90,TrkA
u1687,90,MSK1
u1688,90,MLK3
u1689,90,SmMLCK
u1690,91,Aurora A
u1691,91,EPH-A4
u1692,91,ERK8
u1693,91,CLK2
u1694,91,IR
u1695,91,PHK
u1696,91,IRAK4
u1697,91,Src
u1698,91,IGF-1R
u1699,91,CDK2-Cyclin A
u1700,91,AMPK
u1701,91,MST2
u1702,91,CHK2
u1703,91,EPH-B2
u1704,91,EPH-B4
u1705,91,TrkA
u1706,91,p38 delta MAPK
u1707,91,SmMLCK
u1708,91,MELK
u1709,91,HIPK1
u1710,91,HIPK2
u1711,91,MEKK1
u1712,91,Lck
u1713,91,RSK1
u1714,91,YES1
u1715,91,EPH-B3
u1716,91,Aurora B
u1717,91,NUAK1
u1718,91,LKB1
u1719,91,MINK1
u1720,91,RIPK2
u1721,91,BTK
u1722,91,CSK
u1723,91,S6K1
u1724,91,PKC alpha
u1725,91,CAMK1
u1726,91,PIM1
u1727,91,SRPK1
u1728,91,FGF-R1
u1729,91,EPH-A2
u1730,91,PAK2
u1731,91,HIPK3
u1732,91,MST4
u1733,91,MLK1
u1734,91,RSK2
u1735,91,CAMKK beta
u1736,91,VEGFR1
u1737,91,PAK4
u1738,91,PIM3
u1739,91,MSK1
u1740,91,PAK5
u1741,91,PAK6
u1742,91,TAK1
u1743,91,SYK
u1744,91,JAK2
u1745,91,PRK2
u1746,91,GCK
u1747,91,TAO1
u1748,91,EPH-B1
u1749,91,GSK3 beta
u1750,91,MKK1
u1751,91,BRSK2
u1752,91,SGK1
u1753,91,BRSK1
u1754,91,TTK
u1755,91,MARK4
u1756,91,DYRK3
u1757,91,MARK2
u1758,91,p38 gamma MAPK
u1759,91,PKD1
u1760,91,PKB beta
u1761,91,p38 alpha MAPK
u1762,91,p38 beta MAPK
u1763,92,IKK beta
u1764,92,PIM3
u1765,92,PIM1
u1766,92,ERK8
u1767,92,MNK1
u1768,92,GSK3 beta
u1769,92,DYRK1A
u1770,92,PIM2
u1771,92,DYRK3
u1772,93,Src
u1773,93,CDK2-Cyclin A
u1774,93,CLK2
u1775,93,MLK1
u1776,93,PAK4
u1777,93,YES1
u1778,93,ERK8
u1779,93,MLK3
u1780,93,TrkA
u1781,93,TAK1
u1782,93,CAMKK beta
u1783,93,IRAK4
u1784,93,DYRK1A
u1785,93,MST2
u1786,93,PAK5
u1787,93,EPH-B2
u1788,93,SRPK1
u1789,93,BTK
u1790,93,IRR
u1791,93,Lck
u1792,93,SmMLCK
u1793,93,MEKK1
u1794,93,EPH-B4
u1795,93,IGF-1R
u1796,93,GCK
u1797,93,ABL
u1798,93,EPH-A4
u1799,93,RSK1
u1800,93,MST4
u1801,95,DYRK2
u1802,95,DYRK3
u1803,95,PIM3
u1804,95,HIPK2
u1805,95,PIM1
u1806,95,MELK
u1807,95,ERK8
u1808,95,HIPK3
u1809,95,BRSK2
u1810,95,CHK2
u1811,95,RSK1
u1812,95,S6K1
u1813,95,SmMLCK
u1814,95,MSK1
u1815,95,AMPK
u1816,95,DYRK1A
u1817,95,RSK2
u1818,95,ROCK 2
u1819,95,PRK2
u1820,95,PHK
u1821,95,Aurora B
u1822,95,SGK1
u1823,95,PIM2
u1824,95,JAK2
u1825,95,CAMKK beta
u1826,95,MST2
u1827,95,CHK1
u1828,95,CAMKK alpha
u1829,95,Aurora C
u1830,95,TAO1
u1831,95,MNK2
u1832,95,CDK2-Cyclin A
u1833,95,MLK3
u1834,95,GSK3 beta
u1835,95,CAMK1
u1836,95,MARK3
u1837,95,MLK1
u1838,95,CK1 delta
u1839,95,IKK beta
u1840,95,Src
u1841,95,HIPK1
u1842,95,CK2
u1843,95,IR
u1844,96,MSK1
u1845,96,CLK2
u1846,96,RSK2
u1847,96,PRK2
u1848,96,PKC alpha
u1849,96,GSK3 beta
u1850,96,PIM3
u1851,96,TrkA
u1852,96,RSK1
u1853,96,PKB alpha
u1854,96,SGK1
u1855,96,S6K1
u1856,96,IGF-1R
u1857,96,VEGFR1
u1858,96,CDK2-Cyclin A
u1859,96,ERK8
u1860,96,PKC zeta
u1861,96,SmMLCK
u1862,96,DYRK1A
u1863,96,DYRK3
u1864,96,MINK1
u1865,96,MLK3
u1866,96,PKB beta
u1867,96,PKA
u1868,96,PHK
u1869,96,NUAK1
u1870,96,PIM1
u1871,96,PIM2
u1872,96,GCK
u1873,96,CAMKK beta
u1874,96,CHK1
u1875,96,DAPK1
u1876,96,CHK2
u1877,96,TBK1
u1878,96,SRPK1
u1879,96,MKK1
u1880,96,MKK2
u1881,96,STK33
u1882,96,TAO1
u1883,96,HIPK1
u1884,96,HIPK2
u1885,96,MST2
u1886,96,TAK1
u1887,96,PDK1
u1888,96,BTK
u1889,96,CAMK1
u1890,96,MARK2
u1891,96,Lck
u1892,96,FGF-R1
u1893,96,MLK1
u1894,96,BRSK2
u1895,96,HIPK3
u1896,96,MST4
u1897,96,HER4
u1898,96,PKC gamma
u1899,96,MARK3
u1900,96,IRAK4
u1901,96,TTK
u1902,96,JAK2
u1903,96,AMPK
u1904,96,PAK4
u1905,96,YES1
u1906,96,EPH-A4
u1907,96,IRR
u1908,96,EPH-A2
u1909,96,EPH-B2
u1910,96,ROCK 2
u1911,96,SYK
u1912,96,Aurora B
u1913,96,BRSK1
u1914,96,PKD1
u1915,96,MELK
u1916,96,MARK4
u1917,96,IKK epsilon
u1918,96,PAK5
u1919,96,TIE2
u1920,96,LKB1
u1921,96,EPH-B4
u1922,96,p38 delta MAPK
u1923,96,PAK2
u1924,96,MARK1
u1925,96,ERK1
u1926,96,PAK6
u1927,96,JNK1
u1928,96,JNK2
u1929,96,MAPKAP-K2
u1930,97,CDK2-Cyclin A
u1931,97,ERK8
u1932,97,DYRK1A
u1933,97,CK1 delta
u1934,97,PAK4
u1935,97,IRR
u1936,97,ERK2
u1937,97,IR
u1938,97,CAMKK beta
u1939,98,PRAK
u1940,98,PKA
u1941,98,PIM3
u1942,98,MAPKAP-K3
u1943,98,DYRK3
u1944,98,SRPK1
u1945,98,CHK2
u1946,98,MAPKAP-K2
u1947,98,PKB beta
u1948,98,DYRK1A
u1949,98,IKK beta
u1950,98,SmMLCK
u1951,98,RSK1
u1952,98,DYRK2
u1953,98,PAK4
u1954,98,PLK1
u1955,98,JNK1
u1956,98,SGK1
u1957,98,RSK2
u1958,98,PIM1
u1959,98,BRSK2
u1960,98,CAMKK beta
u1961,98,S6K1
u1962,98,GSK3 beta
u1963,98,CAMK1
u1964,98,MELK
u1965,98,YES1
u1966,98,Aurora C
u1967,98,Aurora B
u1968,100,CK1 delta
u1969,100,p38 alpha MAPK
u1970,100,p38 beta MAPK
u1971,100,GSK3 beta
u1972,100,JNK2
u1973,100,AMPK
u1974,100,Lck
u1975,100,JNK3
u1976,100,RSK1
u1977,100,CSK
u1978,100,PKC alpha
u1979,100,Src
u1980,101,GSK3 beta
u1981,101,ERK8
u1982,101,DYRK1A
u1983,101,SRPK1
u1984,101,HIPK2
u1985,101,PIM3
u1986,101,MST2
u1987,101,IRR
u1988,101,RSK1
u1989,101,RSK2
u1990,101,SmMLCK
u1991,101,HIPK3
u1992,101,NEK6
u1993,101,CAMKK beta
u1994,101,YES1
u1995,101,PIM2
u1996,101,MST4
u1997,102,GSK3 beta
u1998,102,TBK1
u1999,102,ERK8
u2000,102,MST2
u2001,102,CDK2-Cyclin A
u2002,102,MST4
u2003,102,FGF-R1
u2004,102,IKK epsilon
u2005,102,MKK1
u2006,102,RSK2
u2007,102,CAMKK beta
u2008,102,MARK3
u2009,102,DYRK1A
u2010,102,RSK1
u2011,102,AMPK
u2012,102,IRR
u2013,102,PIM1
u2014,102,BRSK2
u2015,102,PKC alpha
u2016,102,PRK2
u2017,102,PIM2
u2018,102,PIM3
u2019,103,PIM3
u2020,103,IKK beta
u2021,103,ERK8
u2022,103,PIM1
u2023,103,PRK2
u2024,103,Aurora B
u2025,103,HIPK2
u2026,103,DYRK3
u2027,103,DYRK1A
u2028,103,PKD1
u2029,103,PIM2
u2030,103,ROCK 2
u2031,103,Aurora C
u2032,111,RSK1
u2033,111,RSK2
u2034,111,Aurora B
u2035,111,PIM3
u2036,114,Aurora B
u2037,114,MELK
u2038,114,CK1 delta
u2039,114,PIM3
u2040,114,DYRK2
u2041,114,Aurora C
u2042,114,JNK1
u2043,114,JNK2
u2044,114,PKD1
u2045,114,SGK1
u2046,114,PHK
u2047,114,DYRK3
u2048,114,MST2
u2049,114,SmMLCK
u2050,114,HIPK2
u2051,114,PIM1
u2052,114,CAMKK beta
u2053,114,DYRK1A
u2054,114,ERK8
u2055,114,BRSK2
u2056,114,CHK2
u2057,114,AMPK
u2058,114,JNK3
u2059,114,IKK beta
u2060,114,CDK2-Cyclin A
u2061,114,MARK3
u2062,115,YES1
u2063,115,CHK2
u2064,115,Src
u2065,115,CSK
u2066,115,Lck
u2067,115,FGF-R1
u2068,115,Aurora B
u2069,115,MKK1
u2070,115,RSK1
u2071,115,Aurora C
u2072,115,SmMLCK
u2073,115,MNK2
u2074,116,SmMLCK
u2075,116,PIM1
u2076,116,PHK
u2077,116,CLK2
u2078,116,CAMK1
u2079,116,PIM3
u2080,116,IRAK4
u2081,116,DAPK1
u2082,116,IGF-1R
u2083,116,TrkA
u2084,116,RSK1
u2085,116,HIPK2
u2086,116,MLK1
u2087,116,CAMKK beta
u2088,116,MEKK1
u2089,116,RSK2
u2090,117,ERK8
u2091,117,CAMKK beta
u2092,117,DAPK1
u2093,117,GSK3 beta
u2094,117,MNK1
u2095,117,PIM2
u2096,117,CK2
u2097,117,GCK
u2098,117,MLK3
u2099,117,VEGFR1
u2100,117,DYRK1A
u2101,117,RIPK2
u2102,117,CHK2
u2103,117,PIM3
u2104,117,TBK1
u2105,117,IKK epsilon
u2106,117,AMPK
u2107,117,EF2K
u2108,117,DYRK2
u2109,117,NUAK1
u2110,117,DYRK3
u2111,117,MEKK1
u2112,117,CLK2
u2113,117,PIM1
u2114,117,MLK1
u2115,117,PHK
u2116,117,IRR
u2117,117,IR
u2118,117,MKK1
u2119,117,CK1 delta
u2120,117,TAK1
u2121,117,MINK1
u2122,117,YES1
u2123,117,HIPK2
u2124,118,PHK
u2125,118,Aurora B
u2126,118,MST2
u2127,118,CHK2
u2128,118,RSK1
u2129,118,SGK1
u2130,118,RSK2
u2131,118,IR
u2132,118,MLK3
u2133,118,S6K1
u2134,118,CK1 delta
u2135,118,MKK1
u2136,118,SmMLCK
u2137,118,MEKK1
u2138,118,TrkA
u2139,118,Lck
u2140,118,CHK1
u2141,118,VEGFR1
u2142,118,MARK3
u2143,118,CLK2
u2144,118,MINK1
u2145,118,NUAK1
u2146,118,IRAK4
u2147,118,AMPK
u2148,118,MLK1
u2149,118,DYRK1A
u2150,119,JAK2
u2151,119,IRAK1
u2152,119,MAP4K3
u2153,119,ULK1
u2154,119,Aurora B
u2155,119,Aurora A
u2156,119,AMPK (hum)
u2157,119,YES1
u2158,119,MAP4K5
u2159,119,TrkA
u2160,119,CLK2
u2161,119,BRSK2
u2162,119,NUAK1
u2163,119,SRPK1
u2164,119,MST2
u2165,119,GCK
u2166,119,IRAK4
u2167,119,ULK2
u2168,119,Aurora C
u2169,119,CAMKK beta
u2170,119,AMPK
u2171,119,CHK2
u2172,119,Src
u2173,119,Lck
u2174,119,BRSK1
u2175,119,ROCK 2
u2176,119,VEGFR1
u2177,119,CAMKK alpha
u2178,119,PRK2
u2179,119,MARK4
u2180,119,IKK epsilon
u2181,119,FGF-R1
u2182,119,MST4
u2183,119,STK33
u2184,119,MST3
u2185,119,DDR2
u2186,119,MLK3
u2187,119,BRK
u2188,119,RSK1
u2189,119,MKK1
u2190,119,ERK8
u2191,119,IR
u2192,119,DYRK1A
u2193,119,PDGFRA
u2194,119,ABL
u2195,119,MLK1
u2196,119,MARK3
u2197,119,PAK4
u2198,119,MINK1
u2199,119,EPH-B3
u2200,119,MARK2
u2201,119,MKK2
u2202,119,EPH-A2
u2203,119,EPH-A4
u2204,119,EPH-B2
u2205,119,TTK
u2206,119,CSK
u2207,119,SYK
u2208,119,MARK1
u2209,119,RIPK2
u2210,119,CHK1
u2211,119,TAO1
u2212,119,TSSK1
u2213,120,Aurora C
u2214,120,S6K1
u2215,120,Aurora B
u2216,120,RSK1
u2217,120,CHK2
u2218,120,MST2
u2219,120,TBK1
u2220,120,PHK
u2221,120,BRSK2
u2222,120,ERK8
u2223,120,CHK1
u2224,120,AMPK
u2225,120,FGF-R1
u2226,120,IKK epsilon
u2227,120,YES1
u2228,120,MKK1
u2229,120,ROCK 2
u2230,120,CK1 delta
u2231,120,RSK2
u2232,120,PDK1
u2233,120,MARK3
u2234,120,PIM3
u2235,120,SRPK1
u2236,120,MELK
u2237,120,PRK2
u2238,120,HIPK2
u2239,120,MSK1
u2240,120,Src
u2241,120,IRR
u2242,120,CAMKK beta
u2243,120,PAK4
u2244,120,GSK3 beta
u2245,120,Lck
u2246,120,SGK1
u2247,120,MNK1
u2248,120,CAMK1
u2249,120,IKK beta
u2250,120,PRAK
u2251,120,PKD1
u2252,120,NEK2a
u2253,120,CDK2-Cyclin A
u2254,120,PKA
u2255,120,CK2
u2256,120,DYRK2
u2257,120,PAK5
u2258,120,MST4
u2259,122,PDK1
u2260,122,MST2
u2261,122,PKC alpha
u2262,122,PHK
u2263,122,MARK3
u2264,122,PIM3
u2265,122,AMPK
u2266,122,PRK2
u2267,122,CHK1
u2268,122,CAMKK beta
u2269,122,RSK1
u2270,122,BRSK2
u2271,122,RSK2
u2272,122,PAK4
u2273,122,PAK5
u2274,122,PAK6
u2275,122,CDK2-Cyclin A
u2276,122,Lck
u2277,123,MKK1
u2278,123,p38 alpha MAPK
u2279,124,p38 alpha MAPK
u2280,124,p38 beta MAPK
u2281,124,PHK
u2282,125,Lck
u2283,125,MELK
u2284,125,Src
u2285,125,Aurora B
u2286,125,Aurora C
u2287,125,PAK4
u2288,125,MST2
u2289,125,RSK2
u2290,125,PHK
u2291,125,RSK1
u2292,125,PAK5
u2293,125,MKK1
u2294,125,CSK
u2295,125,PIM3
u2296,125,CAMKK alpha
u2297,126,PLK1
u2298,127,MST2
u2299,127,PKD1
u2300,127,CHK1
u2301,127,MKK1
u2302,127,RSK1
u2303,127,PDK1
u2304,127,RSK2
u2305,127,GCK
u2306,127,MLK3
u2307,127,MARK3
u2308,127,TAK1
u2309,127,NEK2a
u2310,127,IKK epsilon
u2311,127,JAK2
u2312,127,CHK2
u2313,127,MINK1
u2314,127,TBK1
u2315,127,PHK
u2316,127,ROCK 2
u2317,127,MST4
u2318,127,PRK2
u2319,127,MKK2
u2320,127,CAMK1
u2321,127,ERK8
u2322,127,VEGFR1
u2323,127,AMPK
u2324,127,PIM3
u2325,127,PAK4
u2326,127,ASK1
u2327,127,PKC alpha
u2328,127,HIPK2
u2329,127,GSK3 beta
u2330,127,Lck
u2331,127,PAK5
u2332,127,NUAK1
u2333,127,PLK1
u2334,127,MLK1
u2335,127,CLK2
u2336,127,TAO1
u2337,127,FGF-R1
u2338,127,ERK1
u2339,127,IKK beta
u2340,127,IR
u2341,127,SmMLCK
u2342,127,S6K1
u2343,127,MELK
u2344,127,EPH-B3
u2345,127,MARK1
u2346,127,PRAK
u2347,127,PIM1
u2348,127,IRR
u2349,127,PKC zeta
u2350,127,SYK
u2351,127,IGF-1R
u2352,127,MARK4
u2353,127,MEKK1
u2354,127,TTK
u2355,127,CK1 delta
u2356,127,IRAK4
u2357,127,HER4
u2358,127,ERK2
u2359,127,BTK
u2360,127,PAK2
u2361,128,PRK2
u2362,128,ROCK 2
u2363,128,AMPK
u2364,128,RSK1
u2365,128,MNK1
u2366,128,MSK1
u2367,128,RSK2
u2368,128,MST2
u2369,128,PHK
u2370,128,CDK2-Cyclin A
u2371,129,GSK3 beta
u2372,129,PIM1
u2373,129,BRSK2
u2374,129,PIM3
u2375,129,Aurora B
u2376,129,MNK2
u2377,129,Lck
u2378,129,EPH-A2
u2379,129,ERK8
u2380,129,CDK2-Cyclin A
u2381,129,DYRK1A
u2382,129,PRK2
u2383,129,Src
u2384,129,YES1
u2385,129,MSK1
u2386,129,IRR
u2387,129,RSK1
u2388,129,PIM2
u2389,129,JNK2
u2390,129,MNK1
u2391,130,p38 alpha MAPK
u2392,130,EPH-B3
u2393,130,Lck
u2394,130,EPH-A2
u2395,130,p38 beta MAPK
u2396,131,PKB beta
u2397,131,NEK2a
u2398,131,Aurora B
u2399,131,BTK
u2400,131,PLK1
u2401,131,CAMK1
u2402,131,S6K1
u2403,131,RSK2
u2404,131,NEK6
u2405,131,IKK beta
u2406,131,MST4
u2407,131,VEGFR1
u2408,131,HER4
u2409,131,PKC alpha
u2410,133,PKB beta
u2411,133,ERK8
u2412,133,MINK1
u2413,133,Aurora A
u2414,133,Aurora B
u2415,133,PAK2
u2416,133,GCK
u2417,133,MLK3
u2418,133,S6K1
u2419,133,CAMK1
u2420,133,VEGFR1
u2421,133,IKK epsilon
u2422,133,MLK1
u2423,133,FGF-R1
u2424,133,MST2
u2425,133,RSK2
u2426,133,ERK1
u2427,133,NUAK1
u2428,133,IKK beta
u2429,133,MST4
u2430,133,NEK2a
u2431,133,PLK1
u2432,133,IRAK4
u2433,133,PKD1
u2434,133,MAPKAP-K3
u2435,133,PKC zeta
u2436,133,NEK6
u2437,133,SYK
u2438,133,MELK
u2439,133,BRSK2
u2440,133,PIM1
u2441,133,HIPK2
u2442,133,TAK1
u2443,133,LKB1
u2444,133,PIM3
u2445,133,Src
u2446,133,MKK1
u2447,133,TrkA
u2448,133,DYRK1A
u2449,133,BTK
u2450,133,PIM2
u2451,133,TBK1
u2452,133,BRSK1
u2453,133,EPH-B3
u2454,133,AMPK
u2455,133,PRK2
u2456,133,GSK3 beta
u2457,133,DYRK3
u2458,133,HIPK3
u2459,133,CHK2
u2460,133,YES1
u2461,133,JAK2
u2462,133,MARK1
u2463,133,MEKK1
u2464,133,ERK2
u2465,133,TTK
u2466,133,MARK4
u2467,133,DYRK2
u2468,133,PAK4
u2469,133,PAK6
u2470,133,PRAK
u2471,133,IRR
u2472,133,SRPK1
u2473,133,MKK2
u2474,133,SGK1
u2475,133,PKC alpha
u2476,133,HIPK1
u2477,133,CLK2
u2478,133,CAMKK beta
u2479,133,PAK5
u2480,133,HER4
u2481,134,IKK beta
u2482,134,PIM1
u2483,134,CLK2
u2484,134,ERK8
u2485,134,DAPK1
u2486,134,DYRK1A
u2487,134,PIM3
u2488,134,VEGFR1
u2489,134,CAMK1
u2490,134,RIPK2
u2491,134,Aurora B
u2492,134,ROCK 2
u2493,134,DYRK2
u2494,134,GCK
u2495,134,MINK1
u2496,134,DYRK3
u2497,134,NUAK1
u2498,134,PRK2
u2499,134,MLK3
u2500,134,Aurora A
u2501,134,MELK
u2502,134,BRSK1
u2503,134,BTK
u2504,134,SmMLCK
u2505,134,IRR
u2506,134,PIM2
u2507,134,YES1
u2508,134,CAMKK beta
u2509,134,IRAK4
u2510,134,FGF-R1
u2511,134,BRSK2
u2512,134,HER4
u2513,134,p38 gamma MAPK
u2514,134,TTK
u2515,134,JAK2
u2516,134,MNK1
u2517,134,MNK2
u2518,134,EPH-B3
u2519,134,PKD1
u2520,134,HIPK2
u2521,135,ERK8
u2522,135,DYRK2
u2523,135,DYRK1A
u2524,135,CK2
u2525,135,DYRK3
u2526,135,HIPK1
u2527,135,GSK3 beta
u2528,135,HIPK2
u2529,135,HIPK3
u2530,135,CLK2
u2531,135,GCK
u2532,135,PIM2
u2533,135,DAPK1
u2534,135,PIM1
u2535,135,MSK1
u2536,135,PIM3
u2537,135,MINK1
u2538,135,RIPK2
u2539,135,CAMKK beta
u2540,135,PLK1
u2541,135,VEGFR1
u2542,135,MLK3
u2543,135,IRR
u2544,135,PKC alpha
u2545,135,RSK1
u2546,135,SmMLCK
u2547,135,TAO1
u2548,135,ROCK 2
u2549,135,MLK1
u2550,135,RSK2
u2551,135,SRPK1
u2552,135,AMPK
u2553,137,PRAK
u2554,138,DYRK2
u2555,138,DYRK3
u2556,138,ERK8
u2557,138,CK2
u2558,138,DYRK1A
u2559,138,HIPK3
u2560,138,HIPK2
u2561,138,HIPK1
u2562,138,CLK2
u2563,138,GSK3 beta
u2564,138,PLK1
u2565,138,PIM1
u2566,138,GCK
u2567,138,DAPK1
u2568,138,MELK
u2569,138,MSK1
u2570,138,IRR
u2571,138,VEGFR1
u2572,138,TAO1
u2573,138,RIPK2
u2574,138,PIM3
u2575,138,MKK1
u2576,138,PIM2
u2577,138,CHK2
u2578,138,SGK1
u2579,138,Aurora B
u2580,138,CK1 delta
u2581,138,SmMLCK
u2582,138,CAMKK beta
u2583,138,JAK2
u2584,138,CDK2-Cyclin A
u2585,138,S6K1
u2586,139,CHK2
u2587,139,YES1
u2588,139,CHK1
u2589,139,MST2
u2590,139,ERK8
u2591,139,Aurora B
u2592,139,Src
u2593,139,RSK2
u2594,139,PHK
u2595,139,FGF-R1
u2596,139,TBK1
u2597,139,IKK epsilon
u2598,139,BTK
u2599,139,Aurora A
u2600,139,IRAK4
u2601,139,RSK1
u2602,139,NEK2a
u2603,139,CLK2
u2604,139,CAMKK beta
u2605,139,VEGFR1
u2606,139,MLK3
u2607,139,JAK2
u2608,139,AMPK
u2609,139,GCK
u2610,139,ROCK 2
u2611,139,BRSK2
u2612,139,PAK4
u2613,139,MKK1
u2614,139,TrkA
u2615,139,PRK2
u2616,139,PAK5
u2617,139,MST4
u2618,139,TAK1
u2619,139,Lck
u2620,139,IR
u2621,139,PAK6
u2622,139,ASK1
u2623,139,MARK3
u2624,139,SYK
u2625,139,MELK
u2626,139,SRPK1
u2627,139,HIPK2
u2628,139,MEKK1
u2629,139,NUAK1
u2630,139,MINK1
u2631,139,RIPK2
u2632,139,S6K1
u2633,139,CDK2-Cyclin A
u2634,139,SGK1
u2635,139,CAMK1
u2636,139,PIM3
u2637,139,MLK1
u2638,139,EPH-A2
u2639,139,PKD1
u2640,139,EPH-B2
u2641,139,PRAK
u2642,139,MNK1
u2643,139,TTK
u2644,139,EPH-A4
u2645,139,IRR
u2646,139,MARK1
u2647,139,PDK1
u2648,139,SmMLCK
u2649,139,EPH-B4
u2650,139,GSK3 beta
u2651,139,MKK2
u2652,139,MARK4
u2653,140,CHK2
u2654,140,SYK
u2655,140,PKD1
u2656,140,CAMK1
u2657,140,IGF-1R
u2658,140,PIM3
u2659,140,PAK4
u2660,140,PAK5
u2661,140,YES1
u2662,140,MST2
u2663,140,MKK1
u2664,140,ERK8
u2665,140,CHK1
u2666,140,Src
u2667,140,IR
u2668,140,GCK
u2669,140,BTK
u2670,140,PHK
u2671,140,PIM1
u2672,140,PRAK
u2673,140,PAK6
u2674,140,MNK1
u2675,140,RSK1
u2676,140,PKC alpha
u2677,140,MST4
u2678,140,AMPK
u2679,140,CDK2-Cyclin A
u2680,140,MARK3
u2681,140,Lck
u2682,140,LKB1
u2683,140,MNK2
u2684,140,ERK2
u2685,140,MAPKAP-K2
u2686,140,MLK3
u2687,140,ERK1
u2688,140,ROCK 2
u2689,140,PRK2
u2690,140,SmMLCK
u2691,140,NUAK1
u2692,140,MLK1
u2693,140,TrkA
u2694,140,CK1 delta
u2695,140,CK2
u2696,140,TAK1
u2697,140,RSK2
u2698,140,MELK
u2699,140,IRR
u2700,140,MINK1
u2701,140,DYRK3
u2702,140,NEK2a
u2703,140,CAMKK beta
u2704,141,NEK2a
u2705,141,ERK8
u2706,141,PKB beta
u2707,141,DYRK1A
u2708,141,MST4
u2709,141,CAMK1
u2710,141,FGF-R1
u2711,141,HER4
u2712,141,VEGFR1
u2713,141,IKK epsilon
u2714,141,MINK1
u2715,141,BTK
u2716,141,NUAK1
u2717,141,PAK2
u2718,141,Aurora A
u2719,141,RSK2
u2720,142,GCK
u2721,142,PKD1
u2722,142,IR
u2723,142,IGF-1R
u2724,142,GSK3 beta
u2725,142,ROCK 2
u2726,142,CDK2-Cyclin A
u2727,142,CLK2
u2728,142,TAK1
u2729,142,ERK8
u2730,142,SYK
u2731,142,CAMKK beta
u2732,142,DYRK3
u2733,142,RIPK2
u2734,142,MLK3
u2735,142,HIPK2
u2736,142,Aurora B
u2737,142,PRK2
u2738,142,PIM3
u2739,142,IRR
u2740,142,PKC alpha
u2741,142,MKK1
u2742,142,CK2
u2743,142,MST2
u2744,142,NUAK1
u2745,143,PIM3
u2746,144,Aurora B
u2747,144,VEGFR1
u2748,146,PHK
u2749,146,CDK2-Cyclin A
u2750,146,SGK1
u2751,146,AMPK
u2752,146,GCK
u2753,146,CAMKK beta
u2754,146,DYRK2
u2755,146,MINK1
u2756,146,MNK1
u2757,146,CK1 delta
u2758,146,MNK2
u2759,146,MST2
u2760,146,PRK2
u2761,146,PLK1
u2762,146,MLK3
u2763,146,Aurora B
u2764,146,MLK1
u2765,146,MELK
u2766,146,DYRK1A
u2767,146,JNK2
u2768,146,NUAK1
u2769,146,IRAK4
u2770,146,MKK1
u2771,146,SYK
u2772,146,MST4
u2773,146,IKK epsilon
u2774,146,HIPK2
u2775,146,VEGFR1
u2776,146,PKD1
u2777,146,DYRK3
u2778,146,IGF-1R
u2779,146,BRSK2
u2780,146,ERK8
u2781,146,GSK3 beta
u2782,146,S6K1
u2783,146,JAK2
u2784,146,PIM1
u2785,146,IRR
u2786,146,NEK2a
u2787,146,FGF-R1
u2788,146,TBK1
u2789,146,CHK2
u2790,146,MARK3
u2791,146,TrkA
u2792,146,PDK1
u2793,146,ROCK 2
u2794,146,PKC alpha
u2795,146,p38 gamma MAPK
u2796,146,RSK1
u2797,146,PAK5
u2798,146,ERK1
u2799,146,JNK1
u2800,146,PAK4
u2801,146,YES1
u2802,146,Src
u2803,146,PIM3
u2804,146,Lck
u2805,146,CK2
u2806,146,TTK
u2807,146,SRPK1
u2808,147,ROCK 2
u2809,147,RSK1
u2810,147,MSK1
u2811,147,S6K1
u2812,147,PRK2
u2813,147,NUAK1
u2814,147,TAK1
u2815,147,CLK2
u2816,147,RSK2
u2817,148,CAMK1
u2818,148,SGK1
u2819,148,MKK1
u2820,148,S6K1
u2821,148,Lck
u2822,148,RSK1
u2823,148,PKD1
u2824,148,PIM3
u2825,149,YES1
u2826,149,CHK2
u2827,149,DYRK3
u2828,149,Src
u2829,149,FGF-R1
u2830,149,VEGFR1
u2831,149,EPH-A2
u2832,149,BRSK2
u2833,149,Lck
u2834,149,BTK
u2835,149,EPH-B3
u2836,149,GCK
u2837,149,ERK8
u2838,149,SmMLCK
u2839,149,MINK1
u2840,149,MLK1
u2841,149,DYRK2
u2842,149,HIPK2
u2843,149,DAPK1
u2844,149,JAK2
u2845,149,CLK2
u2846,149,PKC alpha
u2847,149,CK1 delta
u2848,149,MKK1
u2849,149,MST2
u2850,149,RIPK2
u2851,149,MNK1
u2852,149,MELK
u2853,149,PIM3
u2854,149,MST4
u2855,149,RSK2
u2856,149,HIPK1
u2857,149,MLK3
u2858,149,LKB1
u2859,149,Aurora A
u2860,149,PIM1
u2861,149,RSK1
u2862,149,CAMKK beta
u2863,149,MEKK1
u2864,149,PRK2
u2865,149,PHK
u2866,149,AMPK
u2867,149,IRAK4
u2868,149,EPH-B4
u2869,149,Aurora B
u2870,149,PIM2
u2871,149,TrkA
u2872,149,PAK4
u2873,149,CAMK1
u2874,149,EPH-B2
u2875,149,IRR
u2876,149,S6K1
u2877,149,MARK3
u2878,149,BRSK1
u2879,149,GSK3 beta
u2880,149,CHK1
u2881,149,PAK5
u2882,149,CSK
u2883,149,EPH-A4
u2884,149,PAK6
u2885,149,NUAK1
u2886,149,HIPK3
u2887,149,PKB alpha
u2888,149,CDK2-Cyclin A
u2889,149,CK2
u2890,149,HER4
u2891,149,p38 gamma MAPK
u2892,149,MNK2
u2893,149,TAO1
u2894,149,PKA
u2895,149,TTK
u2896,149,PLK1
u2897,149,PKC zeta
u2898,149,TAK1
u2899,149,EPH-B1
u2900,149,MSK1
u2901,149,PDK1
u2902,149,MARK1
u2903,150,MSK1
u2904,150,MKK1
u2905,151,PHK
u2906,151,CLK2
u2907,151,TAK1
u2908,151,CHK2
u2909,151,CK1 delta
u2910,151,MKK2
u2911,151,TrkA
u2912,151,SmMLCK
u2913,151,YES1
u2914,151,VEGFR1
u2915,151,MKK1
u2916,151,GCK
u2917,151,MINK1
u2918,151,RSK1
u2919,151,MELK
u2920,151,AMPK
u2921,151,MLK3
u2922,151,Lck
u2923,151,IGF-1R
u2924,151,CHK1
u2925,151,MST2
u2926,151,DAPK1
u2927,151,NUAK1
u2928,151,HIPK2
u2929,151,IR
u2930,151,Aurora B
u2931,151,IRAK4
u2932,151,JAK2
u2933,151,FGF-R1
u2934,151,Src
u2935,151,MARK4
u2936,151,TBK1
u2937,151,MEKK1
u2938,151,CAMKK beta
u2939,151,BTK
u2940,151,PKD1
u2941,151,MARK1
u2942,151,CAMK1
u2943,152,ROCK 2
u2944,152,MSK1
u2945,152,RSK1
u2946,152,S6K1
u2947,152,PRK2
u2948,152,RSK2
u2949,152,CDK2-Cyclin A
u2950,152,HER4
u2951,152,NUAK1
u2952,153,ROCK 2
u2953,153,MSK1
u2954,153,RSK1
u2955,153,PRK2
u2956,153,PKC zeta
u2957,153,GSK3 beta
u2958,153,PKA
u2959,153,S6K1
u2960,153,HIPK2
u2961,153,RSK2
u2962,153,ERK8
u2963,153,PIM1
u2964,153,NUAK1
u2965,153,MEKK1
u2966,154,HER4
u2967,154,YES1
u2968,154,VEGFR1
u2969,154,MNK1
u2970,154,Src
u2971,154,RIPK2
u2972,154,IRAK4
u2973,154,p38 alpha MAPK
u2974,154,SmMLCK
u2975,154,MINK1
u2976,154,BTK
u2977,154,Aurora A
u2978,154,EPH-A2
u2979,154,PHK
u2980,154,CHK2
u2981,154,DYRK3
u2982,154,MLK1
u2983,154,PIM3
u2984,154,PKD1
u2985,154,DYRK2
u2986,154,Lck
u2987,154,MST2
u2988,154,MNK2
u2989,154,p38 beta MAPK
u2990,154,ERK2
u2991,154,NUAK1
u2992,154,PIM1
u2993,154,TBK1
u2994,154,BRSK1
u2995,154,BRSK2
u2996,154,GCK
u2997,154,FGF-R1
u2998,154,DYRK1A
u2999,154,Aurora B
u3000,155,PIM3
u3001,155,CK2
u3002,155,PIM1
u3003,156,PIM3
u3004,156,PKB beta
u3005,156,PRAK
u3006,156,DYRK2
u3007,156,PHK
u3008,156,DYRK3
u3009,156,DYRK1A
u3010,156,SRPK1
u3011,156,CHK2
u3012,156,TAK1
u3013,156,MARK3
u3014,156,BRSK1
u3015,156,CK2
u3016,156,PIM1
u3017,156,RIPK2
u3018,156,VEGFR1
u3019,156,Aurora B
u3020,156,AMPK
u3021,156,MELK
u3022,156,MST2
u3023,156,YES1
u3024,156,MINK1
u3025,156,MARK1
u3026,156,PIM2
u3027,156,HIPK1
u3028,156,RSK2
u3029,156,MNK1
u3030,156,NUAK1
u3031,156,BRSK2
u3032,156,NEK2a
u3033,156,JAK2
u3034,156,S6K1
u3035,156,MAPKAP-K3
u3036,156,FGF-R1
u3037,156,RSK1
u3038,156,PKD1
u3039,156,IKK beta
u3040,156,MLK3
u3041,156,CAMK1
u3042,156,GSK3 beta
u3043,156,HIPK2
u3044,156,PKC zeta
u3045,156,MARK4
u3046,156,NEK6
u3047,156,IKK epsilon
u3048,156,IRR
u3049,156,SmMLCK
u3050,156,PLK1
u3051,156,GCK
u3052,156,MKK1
u3053,156,SGK1
u3054,156,MLK1
u3055,156,Src
u3056,156,MNK2
u3057,156,MARK2
u3058,156,Aurora A
u3059,156,CK1 delta
u3060,156,TrkA
u3061,156,CHK1
u3062,156,CDK2-Cyclin A
u3063,156,BTK
u3064,156,TTK
u3065,156,MSK1
u3066,156,PAK4
u3067,156,IGF-1R
u3068,156,HER4
u3069,156,IRAK4
u3070,157,CK1 delta
u3071,157,MNK1
u3072,157,CK2
u3073,157,DYRK1A
u3074,157,DYRK2
u3075,157,RIPK2
u3076,157,DYRK3
u3077,157,BRSK1
u3078,157,Lck
u3079,157,IRR
u3080,157,HER4
u3081,158,PDK1
u3082,158,NUAK1
u3083,158,BRSK1
u3084,158,DAPK1
u3085,158,BRSK2
u3086,158,MELK
u3087,158,PKC zeta
u3088,158,ROCK 2
u3089,158,RSK2
u3090,158,Aurora B
u3091,158,PKB alpha
u3092,158,SGK1
u3093,158,RSK1
u3094,158,STK33
u3095,158,AMPK
u3096,158,MLK3
u3097,158,IKK epsilon
u3098,159,PIM1
u3099,159,PIM3
u3100,159,DYRK1A
u3101,159,GSK3 beta
u3102,159,ERK8
u3103,159,PIM2
u3104,159,MLK3
u3105,159,EF2K
u3106,159,PRAK
u3107,159,IKK epsilon
u3108,160,HIPK2
u3109,160,DYRK1A
u3110,160,ERK8
u3111,160,CK2
u3112,160,MELK
u3113,160,GCK
u3114,160,DYRK3
u3115,160,PKD1
u3116,160,PLK1
u3117,160,TrkA
u3118,160,TAK1
u3119,160,PHK
u3120,160,CAMKK beta
u3121,160,CDK2-Cyclin A
u3122,160,NUAK1
u3123,160,RSK1
u3124,160,IRR
u3125,160,SmMLCK
u3126,160,HIPK3
u3127,160,AMPK
u3128,160,JAK2
u3129,160,RSK2
u3130,160,MINK1
u3131,160,PIM3
u3132,160,DYRK2
u3133,160,VEGFR1
u3134,160,JNK2
u3135,161,RIPK2
u3136,161,CK1 delta
u3137,161,p38 alpha MAPK
u3138,161,GCK
u3139,161,MLK3
u3140,162,VEGFR1
u3141,162,RIPK2
u3142,162,MINK1
u3143,162,p38 alpha MAPK
u3144,162,PKD1
u3145,162,FGF-R1
u3146,162,CK1 delta
u3147,166,CLK2
u3148,166,TAK1
u3149,166,GSK3 beta
u3150,166,MINK1
u3151,166,MLK3
u3152,166,DYRK1A
u3153,166,GCK
u3154,166,ERK2
u3155,166,NUAK1
u3156,166,MLK1
u3157,166,ROCK 2
u3158,166,PAK4
u3159,166,HIPK2
u3160,166,DAPK1
u3161,166,PKD1
u3162,166,RIPK2
u3163,166,HIPK1
u3164,166,YES1
u3165,166,IGF-1R
u3166,166,JNK1
u3167,166,PRAK
u3168,166,MELK
u3169,166,ERK1
u3170,166,PAK5
u3171,166,IRR
u3172,166,MKK1
u3173,166,SmMLCK
u3174,166,SRPK1
u3175,166,HER4
u3176,166,PKC alpha
u3177,166,CHK2
u3178,166,CK1 delta
u3179,166,IR
u3180,166,HIPK3
u3181,166,EPH-B4
u3182,166,MST2
u3183,166,VEGFR1
u3184,166,ERK8
u3185,166,LKB1
u3186,166,TTK
u3187,166,EPH-B2
u3188,166,MARK3
u3189,166,MARK2
u3190,166,TrkA
u3191,166,PRK2
u3192,166,CHK1
u3193,166,CAMKK beta
u3194,166,MEKK1
u3195,166,BTK
u3196,166,RSK1
u3197,166,IKK epsilon
u3198,166,PAK6
u3199,166,JNK2
u3200,166,CDK2-Cyclin A
u3201,166,MST4
u3202,166,p38 delta MAPK
u3203,166,MARK1
u3204,166,p38 gamma MAPK
u3205,166,CAMK1
u3206,166,S6K1
u3207,166,PIM1
u3208,166,PIM3
u3209,166,Aurora B
u3210,166,JAK2
u3211,166,NEK2a
u3212,166,IRAK4
u3213,166,JNK3
u3214,166,SGK1
u3215,166,MARK4
u3216,166,TBK1
u3217,167,SRPK1
u3218,167,PRAK
u3219,169,DYRK2
u3220,169,DYRK1A
u3221,169,CLK2
u3222,169,DYRK3
u3223,169,CK1 delta
u3224,169,PIM1
u3225,169,PIM3
u3226,169,PKD1
u3227,169,ERK8
u3228,169,IRR
u3229,169,GSK3 beta
u3230,169,PIM2
u3231,169,TAO1
u3232,170,CAMK1
u3233,170,RIPK2
u3234,170,CHK2
u3235,170,CHK1
u3236,170,DAPK1
u3237,170,TAK1
u3238,172,ERK8
u3239,172,JAK2
u3240,172,TAK1
u3241,172,CDK2-Cyclin A
u3242,172,Aurora A
u3243,172,DYRK2
u3244,172,IKK beta
u3245,172,CLK2
u3246,172,Lck
u3247,172,IGF-1R
u3248,172,IR
u3249,172,DAPK1
u3250,172,SGK1
u3251,172,EPH-B1
u3252,172,ROCK 2
u3253,172,MLK3
u3254,172,GSK3 beta
u3255,172,PRK2
u3256,172,IKK epsilon
u3257,172,EPH-B3
u3258,172,CAMK1
u3259,172,HIPK1
u3260,172,HIPK2
u3261,172,EPH-B2
u3262,172,RIPK2
u3263,172,CHK1
u3264,172,DYRK3
u3265,172,MINK1
u3266,172,HIPK3
u3267,172,SYK
u3268,172,EPH-B4
u3269,172,VEGFR1
u3270,172,GCK
u3271,172,JNK1
u3272,172,PHK
u3273,172,Src
u3274,172,TrkA
u3275,172,MARK3
u3276,172,BTK
u3277,172,EPH-A4
u3278,172,Aurora B
u3279,172,TBK1
u3280,172,PKD1
u3281,172,MKK1
u3282,172,NUAK1
u3283,172,YES1
u3284,172,p38 beta MAPK
u3285,172,FGF-R1
u3286,172,AMPK
u3287,172,RSK1
u3288,172,DYRK1A
u3289,172,PIM3
u3290,172,BRSK2
u3291,172,TAO1
u3292,172,PKC alpha
u3293,172,PIM1
u3294,172,PAK5
u3295,172,IRR
u3296,172,MNK1
u3297,172,CSK
u3298,172,S6K1
u3299,172,CK2
u3300,172,MST2
u3301,172,MLK1
u3302,172,EPH-A2
u3303,172,MARK4
u3304,172,ASK1
u3305,172,MARK1
u3306,172,TTK
u3307,172,JNK3
u3308,172,PAK4
u3309,172,JNK2
u3310,172,HER4
u3311,172,MNK2
u3312,172,PRAK
u3313,172,PAK2
u3314,172,IRAK4
u3315,172,RSK2
u3316,172,SmMLCK
u3317,172,MKK2
u3318,172,BRSK1
u3319,172,MSK1
u3320,172,PKB beta
u3321,172,CAMKK beta
u3322,172,PKB alpha
u3323,173,IKK beta
u3324,173,JAK2
u3325,173,RSK1
u3326,173,CDK2-Cyclin A
u3327,173,CLK2
u3328,173,ERK8
u3329,173,RSK2
u3330,173,PIM2
u3331,173,PIM1
u3332,173,TrkA
u3333,173,NUAK1
u3334,173,SmMLCK
u3335,173,PIM3
u3336,173,CAMK1
u3337,173,MELK
u3338,173,Lck
u3339,173,IR
u3340,173,MST2
u3341,173,CHK2
u3342,173,IGF-1R
u3343,173,YES1
u3344,173,TAK1
u3345,173,DYRK3
u3346,173,GCK
u3347,173,Aurora B
u3348,173,MLK3
u3349,173,PKD1
u3350,173,BRSK2
u3351,173,DAPK1
u3352,173,MEKK1
u3353,173,AMPK
u3354,175,JAK2
u3355,175,TAK1
u3356,175,IKK epsilon
u3357,175,MLK1
u3358,175,Src
u3359,175,PAK4
u3360,175,MAP4K3
u3361,175,MLK3
u3362,175,IRAK1
u3363,175,ULK1
u3364,175,FGF-R1
u3365,175,TrkA
u3366,175,Lck
u3367,175,VEGFR1
u3368,175,DDR2
u3369,175,NUAK1
u3370,175,TSSK1
u3371,175,YES1
u3372,175,SYK
u3373,175,IRAK4
u3374,175,ULK2
u3375,175,HER4
u3376,175,SIK2
u3377,175,NEK2a
u3378,175,TBK1
u3379,175,PDGFRA
u3380,175,PAK5
u3381,175,BTK
u3382,175,Aurora A
u3383,175,MARK3
u3384,175,CSK
u3385,175,Aurora B
u3386,175,PLK1
u3387,175,EPH-B1
u3388,175,JNK2
u3389,175,EPH-B2
u3390,175,CK2
u3391,175,EPH-A4
u3392,175,EPH-A2
u3393,175,MKK1
u3394,175,MNK2
u3395,175,MELK
u3396,175,ERK8
u3397,175,PRK2
u3398,175,p38 delta MAPK
u3399,175,JNK3
u3400,175,JNK1
u3401,175,EIF2AK3
u3402,175,PDK1
u3403,175,GSK3 beta
u3404,175,RIPK2
u3405,175,MPSK1
u3406,175,MARK4
u3407,175,DAPK1
u3408,175,RSK1
u3409,175,ROCK 2
u3410,175,MST4
u3411,175,IKK beta
u3412,175,CLK2
u3413,175,PAK2
u3414,175,TAO1
u3415,175,CHK2
u3416,175,IGF-1R
u3417,175,S6K1
u3418,175,MST2
u3419,175,CDK2-Cyclin A
u3420,175,HIPK2
u3421,175,LKB1
u3422,175,CAMK1
u3423,175,ZAP70
u3424,175,p38 gamma MAPK
u3425,175,PIM3
u3426,175,MKK2
u3427,175,ERK5
u3428,175,HIPK1
u3429,175,TIE2
u3430,175,AMPK (hum)
u3431,175,STK33
u3432,175,TESK1
u3433,175,IR
u3434,175,PKC alpha
u3435,175,PHK
u3436,175,DYRK1A
u3437,175,PKC gamma
u3438,175,CAMKK beta
u3439,175,NEK6
u3440,175,TTK
u3441,175,PAK6
u3442,175,EPH-B3
u3443,177,MKK1
u3444,177,MKK2
u3445,177,TAK1
u3446,177,ERK8
u3447,177,VEGFR1
u3448,177,MKK6
u3449,177,MNK1
u3450,177,PRAK
u3451,177,TrkA
u3452,177,BRK
u3453,177,MNK2
u3454,177,IRAK4
u3455,177,Lck
u3456,177,PKD1
u3457,177,RIPK2
u3458,177,Src
u3459,177,EPH-A4
u3460,177,EF2K
u3461,178,PHK
u3462,178,GCK
u3463,179,PIM3
u3464,179,PIM1
u3465,179,CAMK1
u3466,179,MLK1
u3467,179,MLK3
u3468,179,GCK
u3469,179,MINK1
u3470,179,HER4
u3471,179,p38 alpha MAPK
u3472,179,CHK2
u3473,180,VEGFR1
u3474,180,RIPK2
u3475,180,GCK
u3476,180,MINK1
u3477,180,ABL
u3478,180,NUAK1
u3479,180,CLK2
u3480,180,BRK
u3481,180,Lck
u3482,180,YES1
u3483,180,CAMKK beta
u3484,180,MLK3
u3485,180,FGF-R1
u3486,180,DYRK1A
u3487,180,ERK8
u3488,180,STK33
u3489,180,MARK3
u3490,180,TAK1
u3491,180,MARK1
u3492,180,Src
u3493,180,AMPK
u3494,180,MELK
u3495,180,BRSK2
u3496,180,PHK
u3497,180,CK1 delta
u3498,180,MARK4
u3499,180,TBK1
u3500,180,RSK1
u3501,180,TIE2
u3502,180,MARK2
u3503,180,PKD1
u3504,180,MNK2
u3505,180,CDK2-Cyclin A
u3506,180,SYK
u3507,180,PRK2
u3508,180,EPH-B2
u3509,180,IRR
u3510,180,TrkA
u3511,180,MNK1
u3512,180,CAMK1
u3513,180,EPH-B4
u3514,180,Aurora B
u3515,180,EPH-B3
u3516,180,EPH-A2
u3517,181,CDK2-Cyclin A
u3518,181,Src
u3519,181,CLK2
u3520,181,MLK1
u3521,181,ERK8
u3522,181,IR
u3523,181,MLK3
u3524,181,TrkA
u3525,181,PIM3
u3526,181,YES1
u3527,181,DYRK1A
u3528,181,SRPK1
u3529,181,TAK1
u3530,181,IRAK4
u3531,181,PAK4
u3532,181,IGF-1R
u3533,181,BTK
u3534,181,TTK
u3535,181,EPH-A4
u3536,181,IRR
u3537,181,PAK5
u3538,181,CAMKK beta
u3539,181,ABL
u3540,181,ERK2
u3541,181,STK33
u3542,181,EPH-B2
u3543,181,MEKK1
u3544,181,RSK1
u3545,181,MST4
u3546,181,CHK2
u3547,181,EPH-B4
u3548,181,Lck
u3549,181,VEGFR1
u3550,181,LKB1
u3551,181,EPH-A2
u3552,181,EPH-B3
u3553,181,GCK
u3554,181,Aurora A
u3555,182,VEGFR1
u3556,182,GCK
u3557,182,Aurora A
u3558,182,IRAK4
u3559,182,TrkA
u3560,182,NUAK1
u3561,182,MLK1
u3562,182,CHK2
u3563,182,RIPK2
u3564,182,MINK1
u3565,182,MLK3
u3566,182,GSK3 beta
u3567,182,MELK
u3568,182,FGF-R1
u3569,182,PAK4
u3570,182,DYRK1A
u3571,182,CAMKK beta
u3572,182,CDK2-Cyclin A
u3573,182,CLK2
u3574,182,SmMLCK
u3575,183,Aurora A
u3576,183,CHK2
u3577,183,BRK
u3578,183,STK33
u3579,183,CAMKK beta
u3580,183,p38 beta MAPK
u3581,183,Aurora B
u3582,183,NUAK1
u3583,183,OSR1
u3584,183,SmMLCK
u3585,183,MNK2
u3586,183,PKD1
u3587,184,RIPK2
u3588,184,VEGFR1
u3589,184,CK1 delta
u3590,184,ABL
u3591,184,MINK1
u3592,184,p38 alpha MAPK
u3593,184,PKD1
u3594,184,GCK
u3595,184,BRK
u3596,184,Lck
u3597,184,TAK1
u3598,184,YES1
u3599,184,FGF-R1
u3600,185,CK2
u3601,185,PIM1
u3602,185,PIM3
u3603,185,SRPK1
u3604,185,DAPK1
u3605,185,Aurora A
u3606,185,BTK
u3607,185,VEGFR1
u3608,185,FGF-R1
u3609,185,CAMKK beta
u3610,185,DYRK3
u3611,185,HER4
u3612,185,CK1 delta
u3613,185,PIM2
u3614,185,p38 gamma MAPK
u3615,185,ERK8
u3616,185,CHK2
u3617,185,DYRK2
u3618,185,PAK4
u3619,185,IR
u3620,185,HIPK2
u3621,185,PKB beta
u3622,185,DYRK1A
u3623,185,TrkA
u3624,185,IRAK1
u3625,185,MNK1
u3626,185,EIF2AK3
u3627,185,PAK6
u3628,185,JAK2
u3629,185,MKK1
u3630,185,GSK3 beta
u3631,185,SYK
u3632,185,PRAK
u3633,185,TTK
u3634,185,BRSK2
u3635,185,NUAK1
u3636,185,MLK1
u3637,185,Src
u3638,188,RIPK2
u3639,189,JAK2
u3640,189,MARK3
u3641,189,PHK
u3642,189,TrkA
u3643,189,IRAK1
u3644,189,CLK2
u3645,189,Aurora A
u3646,189,NUAK1
u3647,189,MSK1
u3648,189,DAPK1
u3649,189,MLK1
u3650,189,FGF-R1
u3651,189,ROCK 2
u3652,189,MNK2
u3653,189,MARK2
u3654,189,MELK
u3655,189,GCK
u3656,189,TTK
u3657,189,MLK3
u3658,189,EPH-B1
u3659,200,PIM3
u3660,200,MAPKAP-K2
u3661,200,MPSK1
u3662,200,MLK1
u3663,200,MLK3
u3664,201,IKK beta
u3665,202,MARK3
u3666,202,MLK3
u3667,202,MARK1
u3668,202,MARK2
u3669,202,TBK1
u3670,202,NUAK1
u3671,202,JAK2
u3672,202,MLK1
u3673,202,CAMKK beta
u3674,202,CLK2
u3675,202,IKK epsilon
u3676,202,MELK
u3677,202,AMPK
u3678,202,PHK
u3679,202,Aurora A
u3680,202,MARK4
u3681,202,ERK8
u3682,202,RSK1
u3683,202,PDK1
u3684,202,CDK2-Cyclin A
u3685,202,TrkA
u3686,202,PKD1
u3687,202,MNK2
u3688,203,PIM1
u3689,203,PIM3
u3690,203,GSK3 beta
u3691,203,DYRK2
u3692,203,HIPK2
u3693,203,CK2
u3694,203,DYRK3
u3695,203,CLK2
u3696,203,DAPK1
u3697,203,PIM2
u3698,203,ERK8
u3699,203,ROCK 2
u3700,203,MKK2
u3701,203,PRK2
u3702,203,IRAK4
u3703,203,BTK
u3704,203,CHK2
u3705,203,MSK1
u3706,203,TrkA
u3707,203,S6K1
u3708,203,MLK1
u3709,203,MLK3
u3710,203,VEGFR1
u3711,203,IRAK1
u3712,203,MKK1
u3713,203,STK33
u3714,203,HIPK1
u3715,203,RSK1
u3716,203,MNK2
u3717,203,PAK4
u3718,203,SmMLCK
u3719,203,TTK
u3720,203,JNK3
u3721,203,IR
u3722,203,BRK
u3723,203,BRSK2
u3724,203,DYRK1A
u3725,203,MELK
u3726,203,MST4
u3727,203,GCK
u3728,203,IGF-1R
u3729,203,Aurora A
u3730,203,HER4
u3731,203,MARK4
u3732,203,JAK2
u3733,203,IRR
u3734,203,PHK
u3735,203,CK1 delta
u3736,203,HIPK3
u3737,204,JAK2
u3738,204,PRK2
u3739,204,NUAK1
u3740,204,Lck
u3741,204,MARK3
u3742,204,FGF-R1
u3743,204,ROCK 2
u3744,205,MKK2
u3745,205,JAK2
u3746,205,MKK1
u3747,205,RSK2
u3748,205,MAPKAP-K3
u3749,205,BRSK2
u3750,205,VEGFR1
u3751,205,PKB beta
u3752,206,MKK1
u3753,206,MKK2
u3754,207,VEGFR1
u3755,207,TrkA
u3756,207,IRAK4
u3757,207,TAK1
u3758,207,FGF-R1
u3759,207,MLK1
u3760,207,NUAK1
u3761,207,CLK2
u3762,207,MLK3
u3763,207,PIM3
u3764,207,HIPK1
u3765,207,CHK2
u3766,207,MST2
u3767,207,YES1
u3768,207,MKK2
u3769,207,Aurora A
u3770,207,JAK2
u3771,207,GCK
u3772,207,Lck
u3773,207,Src
u3774,207,MINK1
u3775,207,IR
u3776,207,MELK
u3777,208,RSK2
u3778,208,PKB beta
u3779,208,DYRK1A
u3780,208,PAK6
u3781,208,SGK1
u3782,208,MSK1
u3783,208,MAPKAP-K2
u3784,208,GSK3 beta
u3785,208,Aurora A
u3786,208,MARK3
u3787,208,PAK2
u3788,208,IGF-1R
u3789,208,IR
u3790,208,TrkA
u3791,208,PKB alpha
u3792,208,PKA
u3793,208,PRAK
u3794,208,BRSK2
u3795,208,SRPK1
u3796,208,CLK2
u3797,208,TAK1
u3798,208,IRAK1
u3799,208,OSR1
u3800,208,VEGFR1
u3801,208,RSK1
u3802,208,PKC zeta
u3803,208,CHK2
u3804,208,PIM2
u3805,208,PAK5
u3806,208,IRAK4
u3807,208,Src
u3808,208,ABL
u3809,208,EPH-B2
u3810,208,FGF-R1
u3811,208,S6K1
u3812,208,PKC alpha
u3813,208,CAMKK beta
u3814,208,CAMK1
u3815,208,NUAK1
u3816,208,TAO1
u3817,208,SYK
u3818,208,IRR
u3819,208,PKD1
u3820,208,CDK2-Cyclin A
u3821,208,TLK1
u3822,208,TBK1
u3823,208,HIPK2
u3824,208,JAK2
u3825,208,JNK1
u3826,208,p38 delta MAPK
u3827,208,STK33
u3828,208,DYRK3
u3829,208,Lck
u3830,208,ZAP70
u3831,208,PRK2
u3832,208,PKC gamma
u3833,208,DAPK1
u3834,208,PIM3
u3835,208,GCK
u3836,208,BRK
u3837,208,EPH-B3
u3838,208,MKK2
u3839,208,MARK4
u3840,208,BRSK1
u3841,208,PIM1
u3842,208,PAK4
u3843,208,ASK1
u3844,208,YES1
u3845,208,SmMLCK
u3846,208,TIE2
u3847,208,HER4
u3848,208,LKB1
u3849,208,NEK2a
u3850,208,IKK beta
u3851,208,EPH-A2
u3852,208,EPH-B4
u3853,208,p38 gamma MAPK
u3854,208,DYRK2
u3855,208,HIPK3
u3856,208,IKK epsilon
u3857,208,MLK3
u3858,208,MKK1
u3859,208,JNK3
u3860,208,CHK1
u3861,208,MPSK1
u3862,208,BTK
u3863,208,EPH-A4
u3864,208,ERK8
u3865,208,PDK1
u3866,208,EIF2AK3
u3867,208,MINK1
u3868,208,MELK
u3869,208,JNK2
u3870,208,RIPK2
u3871,208,ERK2
u3872,208,AMPK
u3873,208,MARK1
u3874,208,TTK
u3875,208,ROCK 2
u3876,208,MLK1
u3877,208,PHK
u3878,208,HIPK1
u3879,208,PLK1
u3880,208,MST4
u3881,208,MST2
u3882,208,ERK1
u3883,208,MAPKAP-K3
u3884,208,MEKK1
u3885,208,CSK
u3886,208,MKK6
u3887,208,MNK1
u3888,208,MARK2
u3889,208,MNK2
u3890,208,Aurora B
u3891,209,ASK1
u3892,209,CLK2
u3893,211,RIPK2
u3894,211,VEGFR1
u3895,211,CSK
u3896,211,BRK
u3897,211,HER4
u3898,211,Src
u3899,211,Lck
u3900,211,TIE2
u3901,211,Aurora A
u3902,211,EPH-B2
u3903,211,Aurora B
u3904,211,YES1
u3905,211,TrkA
u3906,211,FGF-R1
u3907,211,NUAK1
u3908,211,MST4
u3909,211,MLK1
u3910,211,EIF2AK3
u3911,211,MLK3
u3912,211,IRR
u3913,211,PKD1
u3914,211,IR
u3915,211,CAMK1
u3916,211,CHK2
u3917,211,NEK2a
u3918,211,GCK
u3919,211,TESK1
u3920,211,ABL
u3921,211,EPH-B4
u3922,211,MST2
u3923,211,PAK4
u3924,211,BTK
u3925,211,SmMLCK
u3926,211,EPH-A4
u3927,211,RSK1
u3928,211,BRSK1
u3929,211,PAK5
u3930,213,MKK1
u3931,213,JAK2
u3932,213,MKK2
u3933,213,VEGFR1
u3934,214,MKK1
u3935,214,JAK2
u3936,214,MKK2
u3937,214,VEGFR1
u3938,215,PDK1
u3939,215,MLK3
u3940,215,MLK1
u3941,216,CAMK1
u3942,216,RSK1
u3943,216,MINK1
u3944,216,PKB beta
u3945,216,ERK8
u3946,216,PKD1
u3947,216,PHK
u3948,216,ERK2
u3949,216,MNK2
u3950,216,MNK1
u3951,216,DYRK3
u3952,216,BRSK2
u3953,216,Lck
u3954,216,ERK1
u3955,216,SmMLCK
u3956,216,MARK4
u3957,216,DYRK2
u3958,216,CDK2-Cyclin A
u3959,216,TSSK1
u3960,216,MARK3
u3961,216,MKK6
u3962,216,NUAK1
u3963,216,CK1 delta
u3964,216,PRK2
u3965,216,AMPK
u3966,216,DYRK1A
u3967,216,ASK1
u3968,216,MAPKAP-K2
u3969,216,IKK beta
u3970,216,BRSK1
u3971,216,TBK1
u3972,216,JNK3
u3973,216,MARK2
u3974,216,JNK2
u3975,216,JNK1
u3976,216,DAPK1
u3977,216,MELK
u3978,216,GCK
u3979,216,NEK6
u3980,216,PIM3
u3981,216,SRPK1
u3982,216,IKK epsilon
u3983,216,EPH-A4
u3984,216,MKK1
u3985,216,p38 delta MAPK
u3986,217,Aurora B
u3987,217,PLK1
u3988,217,BRSK1
u3989,217,NUAK1
u3990,217,PRK2
u3991,217,MST2
u3992,217,ERK8
u3993,217,SIK2
u3994,217,RIPK2
u3995,217,MEKK1
u3996,217,FGF-R1
u3997,217,VEGFR1
u3998,217,BRSK2
u3999,217,NEK2a
u4000,217,MLK3
u4001,217,GCK
u4002,217,Lck
u4003,217,SIK3
u4004,217,MLK1
u4005,217,TIE2
u4006,217,PIM3
u4007,217,CHK2
u4008,217,DAPK1
u4009,217,SmMLCK
u4010,217,CLK2
u4011,217,MARK3
u4012,217,DYRK2
u4013,217,BTK
u4014,217,ASK1
u4015,217,DYRK3
u4016,217,GSK3 beta
u4017,217,PIM1
u4018,217,RSK2
u4019,217,TAK1
u4020,217,CSK
u4021,217,TrkA
u4022,217,MINK1
u4023,217,AMPK
u4024,217,Src
u4025,217,IRAK4
u4026,217,CAMKK beta
u4027,217,MELK
u4028,217,YES1
u4029,219,VEGFR1
u4030,219,Aurora A
u4031,219,NEK2a
u4032,219,Src
u4033,219,JAK2
u4034,219,EPH-B1
u4035,219,EPH-B4
u4036,219,ERK8
u4037,219,Lck
u4038,219,TSSK1
u4039,219,IRAK1
u4040,219,EPH-A4
u4041,219,GSK3 beta
u4042,219,CK2
u4043,219,MLK1
u4044,219,BRK
u4045,219,EPH-B2
u4046,219,IGF-1R
u4047,219,RSK1
u4048,219,CDK2-Cyclin A
u4049,219,YES1
u4050,219,ABL
u4051,219,TBK1
u4052,219,MLK3
u4053,219,FGF-R1
u4054,219,RSK2
u4055,219,PAK4
u4056,219,DYRK3
u4057,219,HIPK2
u4058,219,Aurora B
u4059,219,CLK2
u4060,219,TIE2
u4061,219,TrkA
u4062,219,PHK
u4063,219,CHK2
u4064,219,DYRK1A
u4065,219,MKK1
u4066,219,NUAK1
u4067,219,SYK
u4068,219,TAK1
u4069,219,PAK2
u4070,219,RIPK2
u4071,219,BTK
u4072,219,DAPK1
u4073,219,MARK3
u4074,219,DYRK2
u4075,219,EPH-B3
u4076,219,MNK1
u4077,219,MNK2
u4078,219,BRSK1
u4079,219,HIPK1
u4080,219,HER4
u4081,219,IKK epsilon
u4082,219,PAK5
u4083,219,HIPK3
u4084,219,CHK1
u4085,219,IRAK4
u4086,219,IR
u4087,219,AMPK
u4088,219,ZAP70
u4089,219,STK33
u4090,219,MARK4
u4091,219,PAK6
u4092,219,TESK1
u4093,219,ROCK 2
u4094,219,PKA
u4095,219,CAMK1
u4096,219,PRK2
u4097,219,MELK
u4098,219,EPH-A2
u4099,219,MKK2
u4100,219,S6K1
u4101,219,CAMKK beta
u4102,219,MARK2
u4103,219,GCK
u4104,219,MARK1
u4105,219,EIF2AK3
u4106,219,JNK2
u4107,219,MSK1
u4108,219,BRSK2
u4109,219,IRR
u4110,219,PDK1
u4111,219,JNK1
u4112,219,CSK
u4113,219,JNK3
u4114,219,TLK1
u4115,219,MPSK1
u4116,219,PKD1
u4117,220,GCK
u4118,220,NUAK1
u4119,220,JAK2
u4120,220,RIPK2
u4121,220,NEK6
u4122,220,MELK
u4123,220,MST2
u4124,220,TrkA
u4125,221,GSK3 beta
u4126,221,TAK1
u4127,221,Aurora A
u4128,221,PKB beta
u4129,221,Src
u4130,221,HIPK2
u4131,221,NUAK1
u4132,221,CAMK1
u4133,221,PIM3
u4134,221,BRSK2
u4135,221,RIPK2
u4136,221,EPH-B3
u4137,222,JNK1
u4138,222,CHK2
u4139,222,VEGFR1
u4140,222,JNK2
u4141,222,CAMKK beta
u4142,222,PHK
u4143,222,Aurora B
u4144,222,MLK1
u4145,222,IGF-1R
u4146,222,Aurora A
u4147,222,TSSK1
u4148,222,PAK4
u4149,222,DAPK1
u4150,222,MLK3
u4151,222,RSK1
u4152,222,JNK3
u4153,222,MARK3
u4154,222,HER4
u4155,222,DYRK2
u4156,222,IRAK4
u4157,222,ERK8
u4158,222,SIK2
u4159,222,SmMLCK
u4160,222,BRSK2
u4161,222,STK33
u4162,222,PLK1
u4163,222,NUAK1
u4164,222,YES1
u4165,222,JAK2
u4166,222,MARK1
u4167,222,BRSK1
u4168,222,IR
u4169,222,FGF-R1
u4170,222,DDR2
u4171,222,CHK1
u4172,222,PRK2
u4173,222,HIPK2
u4174,222,GCK
u4175,222,IRAK1
u4176,222,S6K1
u4177,222,AMPK
u4178,222,TTK
u4179,222,TIE2
u4180,222,PAK5
u4181,222,SYK
u4182,222,RSK2
u4183,222,DYRK3
u4184,222,MARK2
u4185,222,PKD1
u4186,222,BTK
u4187,222,IRR
u4188,222,EIF2AK3
u4189,222,MARK4
u4190,222,MELK
u4191,222,ZAP70
u4192,222,MKK6
u4193,222,MNK1
u4194,222,MNK2
u4195,222,MST2
u4196,222,TAO1
u4197,222,RIPK2
u4198,223,Src
u4199,223,MINK1
u4200,223,CAMK1
u4201,223,Lck
u4202,223,CSK
u4203,223,BRK
u4204,223,MLK1
u4205,223,RIPK2
u4206,223,p38 alpha MAPK
u4207,223,YES1
u4208,223,GCK
u4209,223,DYRK1A
u4210,223,TESK1
u4211,223,VEGFR1
u4212,226,EPH-B1
u4213,226,EPH-B2
u4214,226,Src
u4215,226,BRK
u4216,226,EPH-B4
u4217,226,MLK1
u4218,226,SIK2
u4219,226,SIK3
u4220,226,DDR2
u4221,226,YES1
u4222,226,EPH-A2
u4223,226,EPH-A4
u4224,226,RIPK2
u4225,226,FGF-R1
u4226,226,BTK
u4227,226,MLK3
u4228,226,HER4
u4229,226,TESK1
u4230,226,GCK
u4231,226,EPH-B3
u4232,226,VEGFR1
u4233,226,MINK1
u4234,226,CHK2
u4235,226,ABL
u4236,226,CSK
u4237,226,Lck
u4238,226,PKA
u4239,226,PAK2
u4240,226,TIE2
u4241,250,PLK1
u4242,250,PRK2
u4243,250,NEK2a
u4244,250,PIM1
u4245,250,RSK1
u4246,250,NUAK1
u4247,250,BRSK1
u4248,250,BRSK2
u4249,250,PIM3
u4250,250,MLK1
u4251,250,TSSK1
u4252,252,JNK1
u4253,252,IRAK1
u4254,252,JNK3
u4255,252,CLK2
u4256,252,JNK2
u4257,252,ERK8
u4258,252,GCK
u4259,252,CDK9-Cyclin T1
u4260,252,VEGFR1
u4261,252,CK1 delta
u4262,252,CAMKK beta
u4263,252,NUAK1
u4264,252,ULK1
u4265,252,MLK1
u4266,252,TAK1
u4267,252,RIPK2
u4268,252,HIPK2
u4269,252,MELK
u4270,252,ULK2
u4271,253,JNK1
u4272,253,JNK3
u4273,253,JNK2
u4274,253,ULK1
u4275,253,ULK2
u4276,253,YES1
u4277,253,NUAK1
u4278,253,RIPK2
u4279,253,Src
u4280,254,MKK1
u4281,254,TAK1
u4282,254,VEGFR1
u4283,254,MKK2
u4284,254,ERK8
u4285,254,PKD1
u4286,254,MKK6
u4287,254,PRAK
u4288,254,ERK2
u4289,254,MNK2
u4290,254,BRK
u4291,258,IRAK1
u4292,258,IRAK4
u4293,258,CLK2
u4294,258,TAK1
u4295,258,CK1 delta
u4296,258,MINK1
u4297,259,PHK
u4298,259,Aurora A
u4299,259,FGF-R1
u4300,259,CHK2
u4301,259,NUAK1
u4302,259,CLK2
u4303,259,YES1
u4304,259,IGF-1R
u4305,259,CAMKK beta
u4306,259,TIE2
u4307,259,BRK
u4308,259,MARK2
u4309,259,MARK3
u4310,259,Lck
u4311,259,EPH-B1
u4312,259,HER4
u4313,259,RSK1
u4314,259,BRSK1
u4315,259,TSSK1
u4316,259,MLK1
u4317,259,JAK2
u4318,259,BRSK2
u4319,259,PKD1
u4320,259,CHK1
u4321,259,IRAK1
u4322,259,VEGFR1
u4323,259,MARK1
u4324,259,MINK1
u4325,259,EPH-A4
u4326,259,RSK2
u4327,259,TAK1
u4328,259,STK33
u4329,259,IRAK4
u4330,259,OSR1
u4331,259,TrkA
u4332,259,IR
u4333,259,GCK
u4334,259,PRK2
u4335,259,MARK4
u4336,259,Src
u4337,259,MELK
u4338,259,MST2
u4339,259,TAO1
u4340,259,EPH-B2
u4341,259,EPH-B4
u4342,259,ERK8
u4343,259,EPH-B3
u4344,259,AMPK
u4345,259,MLK3
u4346,259,EPH-A2
u4347,259,JNK1
u4348,259,SYK
u4349,259,MKK1
u4350,259,MKK2
u4351,259,CSK
u4352,259,PAK5
u4353,259,CAMK1
u4354,259,JNK3
u4355,259,CDK2-Cyclin A
u4356,259,PLK1
u4357,259,BTK
u4358,259,ABL
u4359,259,ERK2
u4360,259,ROCK 2
u4361,259,SmMLCK
u4362,259,NEK2a
u4363,259,PAK4
u4364,259,MSK1
u4365,259,SRPK1
u4366,259,TTK
u4367,260,SmMLCK
u4368,260,NUAK1
u4369,261,MNK2
u4370,261,MLK1
u4371,261,TSSK1
u4372,261,NUAK1
u4373,261,DYRK2
u4374,261,PHK
u4375,261,DAPK1
u4376,261,PKD1
u4377,261,TAK1
u4378,261,STK33
u4379,261,JNK3
u4380,261,CAMKK beta
u4381,261,VEGFR1
u4382,261,JNK1
u4383,261,BRK
u4384,261,Aurora B
u4385,261,TBK1
u4386,261,MLK3
u4387,261,CK1 delta
u4388,261,MNK1
u4389,261,PRAK
u4390,261,CHK1
u4391,261,Aurora A
u4392,261,JNK2
u4393,261,SIK2
u4394,261,CK2
u4395,261,IR
u4396,262,MAPKAP-K2
u4397,262,PIM3
u4398,262,AMPK (hum)
u4399,262,BRSK2
u4400,262,DYRK1A
u4401,262,CHK2
u4402,262,AMPK
u4403,262,CLK2
u4404,262,ASK1
u4405,262,DAPK1
u4406,262,PIM1
u4407,262,SRPK1
u4408,262,GCK
u4409,262,PRAK
u4410,262,IRAK4
u4411,262,MNK2
u4412,262,IRAK1
u4413,262,CAMKK beta
u4414,262,BRSK1
u4415,262,MAPKAP-K3
u4416,262,ERK8
u4417,262,STK33
u4418,262,RIPK2
u4419,262,DYRK3
u4420,262,MINK1
u4421,262,MAP4K3
u4422,262,IKK epsilon
u4423,262,PKD1
u4424,262,MARK4
u4425,262,RSK2
u4426,263,MINK1
u4427,263,MELK
u4428,263,MKK1
u4429,263,PIM1
u4430,263,GCK
u4431,263,PIM3
u4432,263,ERK8
u4433,263,MLK1
u4434,263,PRAK
u4435,263,GSK3 beta
u4436,264,RSK1
u4437,264,S6K1
u4438,264,MSK1
u4439,264,RSK2
u4440,264,PKA
u4441,264,VEGFR1
u4442,264,AMPK
u4443,264,MST4
u4444,264,Aurora B
u4445,265,CK1 delta
u4446,265,RIPK2
u4447,265,BRK
u4448,265,Lck
u4449,265,MINK1
u4450,265,TIE2
u4451,265,ABL
u4452,265,ROCK 2
u4453,266,MSK1
u4454,266,PKB alpha
u4455,266,S6K1
u4456,266,PRK2
u4457,266,PIM1
u4458,266,PKA
u4459,266,RSK1
u4460,266,PIM3
u4461,266,ROCK 2
u4462,266,IRR
u4463,266,CLK2
u4464,266,SGK1
u4465,266,PKC zeta
u4466,266,GSK3 beta
u4467,266,MELK
u4468,266,ERK8
u4469,266,AMPK
u4470,266,PKC alpha
u4471,266,AMPK (hum)
u4472,266,DAPK1
u4473,266,DYRK1A
u4474,266,PKB beta
u4475,266,PLK1
u4476,266,BRSK1
u4477,266,BRSK2
u4478,266,TSSK1
u4479,266,HIPK2
u4480,266,ULK1
u4481,266,PKC gamma
u4482,267,S6K1
u4483,267,CAMK1
u4484,267,PAK6
u4485,267,SGK1
u4486,267,TAK1
u4487,267,SmMLCK
u4488,267,DAPK1
u4489,267,CHK1
u4490,267,MSK1
u4491,267,MINK1
u4492,277,ABL
u4493,277,Lck
u4494,277,OSR1
u4495,277,p38 alpha MAPK
u4496,277,Src
u4497,277,EPH-B2
u4498,277,VEGFR1
u4499,277,CAMK1
u4500,277,TAK1
u4501,277,JNK2
u4502,277,MINK1
u4503,277,IGF-1R
u4504,277,p38 delta MAPK
u4505,277,BRK
u4506,277,CSK
u4507,277,EPH-A4
u4508,277,EPH-B3
u4509,277,FGF-R1
u4510,277,p38 beta MAPK
u4511,277,GCK
u4512,277,MLK3
u4513,277,YES1
u4514,277,p38 gamma MAPK
u4515,277,SYK
u4516,277,S6K1
u4517,277,HIPK2
u4518,277,JNK1
u4519,277,RIPK2
u4520,277,EPH-A2
u4521,277,IR
u4522,277,HIPK3
u4523,277,MSK1
u4524,277,CAMKK beta
u4525,277,EIF2AK3
u4526,277,ROCK 2
u4527,277,TAO1
u4528,277,HIPK1
u4529,277,JNK3
u4530,277,MST4
u4531,277,IRAK1
u4532,277,BTK
u4533,277,HER4
u4534,277,RSK1
u4535,277,PKD1
u4536,277,MLK1
u4537,277,JAK2
u4538,277,EPH-B4
u4539,277,TrkA
u4540,277,ERK8
u4541,277,IKK beta
u4542,277,IRR
u4543,277,PKB beta
u4544,278,Src
u4545,278,DDR2
u4546,278,ABL
u4547,278,BRK
u4548,278,EPH-A4
u4549,278,EPH-B4
u4550,278,YES1
u4551,278,SIK2
u4552,278,EPH-B1
u4553,278,RIPK2
u4554,278,EPH-A2
u4555,278,BTK
u4556,278,MAP4K5
u4557,278,CSK
u4558,278,TrkA
u4559,278,MINK1
u4560,278,HER4
u4561,278,EPH-B2
u4562,278,SIK3
u4563,279,NUAK1
u4564,279,CLK2
u4565,279,GCK
u4566,279,DYRK1A
u4567,279,MLK3
u4568,279,GSK3 beta
u4569,279,MAP4K3
u4570,279,MINK1
u4571,279,TAK1
u4572,279,YES1
u4573,279,VEGFR1
u4574,279,MAP4K5
u4575,279,CK1 delta
u4576,279,Lck
u4577,279,TrkA
u4578,279,IRAK1
u4579,279,RIPK2
u4580,279,Src
u4581,279,SIK2
u4582,279,ERK8
u4583,279,AMPK (hum)
u4584,279,IRR
u4585,279,PRK2
u4586,279,MLK1
u4587,279,ABL
u4588,279,FGF-R1
u4589,279,IGF-1R
u4590,279,SmMLCK
u4591,279,S6K1
u4592,279,BRSK2
u4593,279,BRSK1
u4594,279,HIPK2
u4595,279,MST2
u4596,279,PHK
u4597,279,AMPK
u4598,279,STK33
u4599,279,MNK2
u4600,279,TAO1
u4601,279,MARK3
u4602,279,MELK
u4603,279,JAK2
u4604,279,DDR2
u4605,279,MSK1
u4606,279,HIPK1
u4607,279,PKD1
u4608,279,PKC alpha
u4609,279,IKK epsilon
u4610,279,IRAK4
u4611,279,MARK2
u4612,279,ERK5
u4613,279,PKC gamma
u4614,279,MNK1
u4615,279,ULK2
u4616,279,BTK
u4617,279,CAMKK beta
u4618,279,DYRK3
u4619,279,CK1 gamma 2
u4620,279,EPH-B2
u4621,279,CDK2-Cyclin A
u4622,279,MST4
u4623,279,TIE2
u4624,279,RSK1
u4625,279,TBK1
u4626,279,TGFBR1
u4627,279,MARK4
u4628,279,LKB1
u4629,279,MARK1
u4630,279,PIM1
u4631,280,NUAK1
u4632,280,GCK
u4633,280,IGF-1R
u4634,280,CLK2
u4635,280,IR
u4636,280,ROCK 2
u4637,280,TAK1
u4638,280,GSK3 beta
u4639,280,MLK3
u4640,280,PRK2
u4641,280,CDK9-Cyclin T1
u4642,280,CDK2-Cyclin A
u4643,280,DYRK3
u4644,280,HIPK2
u4645,280,IRR
u4646,280,PKD1
u4647,280,MAP4K3
u4648,280,RIPK2
u4649,280,IRAK1
u4650,280,SYK
u4651,280,MLK1
u4652,280,DYRK2
u4653,280,CAMKK beta
u4654,280,PDGFRA
u4655,280,ERK8
u4656,280,Aurora B
u4657,280,MARK3
u4658,280,PIM3
u4659,280,PKC alpha
u4660,280,BTK
u4661,280,LKB1
u4662,280,MST2
u4663,280,VEGFR1
u4664,285,PKB beta
u4665,285,Aurora B
u4666,285,CAMK1
u4667,285,Aurora A
u4668,285,VEGFR1
u4669,285,MAPKAP-K3
u4670,285,TBK1
u4671,285,MAPKAP-K2
u4672,286,EPH-B2
u4673,286,EPH-B1
u4674,286,FGF-R1
u4675,286,Src
u4676,286,BRK
u4677,286,SIK3
u4678,286,EPH-B4
u4679,286,SIK2
u4680,286,EPH-A2
u4681,286,EPH-A4
u4682,286,DDR2
u4683,286,ABL
u4684,286,RIPK2
u4685,286,YES1
u4686,286,PKD1
u4687,286,VEGFR1
u4688,286,TESK1
u4689,286,PAK2
u4690,286,MINK1
u4691,286,EPH-B3
u4692,286,HER4
u4693,286,p38 beta MAPK
u4694,286,JNK2
u4695,286,GCK
u4696,286,BTK
u4697,286,p38 alpha MAPK
u4698,286,MARK3
u4699,286,TAO1
u4700,286,CHK2
u4701,286,JNK3
u4702,286,RSK1
u4703,286,CSK
u4704,286,MST3
u4705,286,MLK1
u4706,286,TIE2
u4707,286,Lck
u4708,289,CLK2
u4709,289,MAPKAP-K2
u4710,289,MKK1
u4711,289,SIK2
u4712,289,PHK
u4713,289,IKK epsilon
u4714,289,JNK1
u4715,289,RSK1
u4716,289,SmMLCK
u4717,289,AMPK
u4718,289,AMPK (hum)
u4719,289,MARK4
u4720,289,BRSK1
u4721,289,NUAK1
u4722,289,PIM1
u4723,289,PAK6
u4724,289,MAP4K3
u4725,289,ULK2
u4726,289,PDK1
u4727,289,MLK1
u4728,289,TAK1
u4729,289,IRAK1
u4730,289,ERK1
u4731,289,PKA
u4732,289,MSK1
u4733,289,PRAK
u4734,289,CHK2
u4735,289,MARK3
u4736,289,SIK3
u4737,289,DYRK3
u4738,289,PAK5
u4739,289,GCK
u4740,289,MINK1
u4741,289,TESK1
u4742,289,ASK1
u4743,289,YES1
u4744,289,SYK
u4745,289,ZAP70
u4746,289,TrkA
u4747,289,PDGFRA
u4748,289,S6K1
u4749,289,CHK1
u4750,289,DYRK1A
u4751,289,MLK3
u4752,289,Lck
u4753,289,FGF-R1
u4754,289,IGF-1R
u4755,289,DDR2
u4756,289,Aurora A
u4757,289,JNK2
u4758,289,CAMK1
u4759,289,DAPK1
u4760,289,MARK2
u4761,289,TSSK1
u4762,289,DYRK2
u4763,289,PIM2
u4764,289,PAK2
u4765,289,MAP4K5
u4766,289,IRAK4
u4767,289,BRK
u4768,289,VEGFR1
u4769,289,MARK1
u4770,289,MKK6
u4771,289,ERK2
u4772,289,PKB alpha
u4773,289,MELK
u4774,289,p38 gamma MAPK
u4775,289,RSK2
u4776,289,PRK2
u4777,289,TLK1
u4778,289,IKK beta
u4779,289,HIPK2
u4780,289,MST3
u4781,289,Src
u4782,289,PAK4
u4783,289,ROCK 2
u4784,289,GSK3 beta
u4785,289,TAO1
u4786,289,OSR1
u4787,289,TTK
u4788,289,JAK2
u4789,289,ERK8
u4790,289,PKB beta
u4791,289,CDK2-Cyclin A
u4792,289,BRSK2
u4793,289,EPH-B4
u4794,289,MNK1
u4795,289,MST2
u4796,289,RIPK2
u4797,289,BTK
u4798,289,IRR
u4799,289,PIM3
u4800,289,SGK1
u4801,289,MNK2
u4802,289,HIPK3
u4803,289,CAMKK beta
u4804,289,SRPK1
u4805,289,ULK1
u4806,289,IR
u4807,289,ERK5
u4808,289,TBK1
u4809,289,PKC gamma
u4810,289,MKK2
u4811,289,HER4
u4812,289,PKC zeta
u4813,289,CDK9-Cyclin T1
u4814,289,PKD1
u4815,289,EPH-A4
u4816,289,TGFBR1
u4817,289,EPH-A2
u4818,289,MST4
u4819,289,CSK
u4820,289,TIE2
u4821,289,PLK1
u4822,289,HIPK1
u4823,289,PKC alpha
u4824,289,STK33
u4825,289,MEKK1
u4826,289,EPH-B1
u4827,289,JNK3
u4828,289,MAPKAP-K3
u4829,289,EPH-B2
u4830,289,LKB1
u4831,289,EIF2AK3
u4832,289,ABL
u4833,289,Aurora B
u4834,289,p38 delta MAPK
u4835,290,CHK2
u4836,290,NUAK1
u4837,290,TAK1
u4838,290,IR
u4839,290,PHK
u4840,290,TSSK1
u4841,290,MLK1
u4842,290,MLK3
u4843,290,SmMLCK
u4844,290,CAMKK beta
u4845,290,RSK1
u4846,290,RSK2
u4847,290,DAPK1
u4848,290,CLK2
u4849,290,ASK1
u4850,290,PKD1
u4851,290,CHK1
u4852,290,VEGFR1
u4853,290,BRK
u4854,290,DYRK2
u4855,290,TBK1
u4856,290,Aurora B
u4857,290,SIK2
u4858,290,MAP4K3
u4859,290,STK33
u4860,290,MNK2
u4861,290,IKK epsilon
u4862,290,CAMK1
u4863,290,GCK
u4864,290,AMPK (hum)
u4865,290,MKK6
u4866,290,IGF-1R
u4867,290,ERK5
u4868,290,PAK4
u4869,290,TTK
u4870,290,SYK
u4871,290,HIPK1
u4872,290,JAK2
u4873,290,BRSK2
u4874,290,PLK1
u4875,290,MARK3
u4876,290,MELK
u4877,290,MNK1
u4878,290,ULK1
u4879,290,DYRK1A
u4880,290,MSK1
u4881,290,JNK1
u4882,290,JNK3
u4883,290,BRSK1
u4884,291,TAK1
u4885,291,CHK2
u4886,291,IR
u4887,291,CLK2
u4888,291,TSSK1
u4889,291,MLK1
u4890,291,SmMLCK
u4891,291,PHK
u4892,291,IGF-1R
u4893,291,NUAK1
u4894,291,DYRK2
u4895,291,MLK3
u4896,291,PKD1
u4897,291,CAMKK beta
u4898,291,DAPK1
u4899,291,ASK1
u4900,291,RSK1
u4901,291,VEGFR1
u4902,291,MNK2
u4903,291,BRK
u4904,291,Aurora B
u4905,291,RSK2
u4906,291,CHK1
u4907,291,GCK
u4908,291,MNK1
u4909,291,TBK1
u4910,291,ERK8
u4911,291,HIPK2
u4912,291,STK33
u4913,291,MKK6
u4914,291,TTK
u4915,291,SIK2
u4916,291,MAP4K3
u4917,291,DYRK1A
u4918,291,MELK
u4919,291,PLK1
u4920,291,ERK5
u4921,291,PAK4
u4922,291,GSK3 beta
u4923,291,AMPK (hum)
u4924,291,SYK
u4925,291,JNK1
u4926,291,JNK3
u4927,291,ERK1
u4928,291,PRAK
u4929,291,HIPK1
u4930,293,CK1 gamma 2
u4931,293,MLK3
u4932,293,GCK
u4933,293,CHK2
u4934,293,Aurora B
u4935,293,CK1 delta
u4936,293,MLK1
u4937,293,VEGFR1
u4938,293,JAK2
u4939,293,NUAK1
u4940,293,CLK2
u4941,293,MAPKAP-K2
u4942,293,SIK2
u4943,293,RIPK2
u4944,293,TSSK1
u4945,293,PAK4
u4946,293,ASK1
u4947,293,BRK
u4948,293,MAP4K3
u4949,294,MAP4K3
u4950,294,MAP4K5
u4951,294,MKK1
u4952,294,CLK2
u4953,294,MKK2
u4954,294,ERK1
u4955,294,Aurora B
u4956,294,AMPK
u4957,294,AMPK (hum)
u4958,294,MARK1
u4959,294,BRSK1
u4960,294,NUAK1
u4961,294,DYRK1A
u4962,294,DYRK2
u4963,294,IKK epsilon
u4964,294,GCK
u4965,294,MINK1
u4966,294,TAK1
u4967,294,ROCK 2
u4968,294,PRK2
u4969,294,MNK1
u4970,294,MNK2
u4971,294,CDK9-Cyclin T1
u4972,294,MARK2
u4973,294,BRSK2
u4974,294,DYRK3
u4975,294,PIM3
u4976,294,MST4
u4977,294,MLK1
u4978,294,MLK3
u4979,294,TrkA
u4980,294,VEGFR1
u4981,294,GSK3 beta
u4982,294,ERK2
u4983,294,ERK8
u4984,294,PKD1
u4985,294,Aurora A
u4986,294,MARK4
u4987,294,MELK
u4988,294,HIPK2
u4989,294,MST2
u4990,294,ASK1
u4991,294,ULK2
u4992,294,ERK5
u4993,294,RSK1
u4994,294,MSK1
u4995,294,PHK
u4996,294,CHK1
u4997,294,MARK3
u4998,294,SIK2
u4999,294,SIK3
u5000,294,CK1 delta
u5001,294,PIM2
u5002,294,TAO1
u5003,294,ULK1
u5004,294,JAK2
u5005,294,IGF-1R
u5006,294,SmMLCK
u5007,294,CDK2-Cyclin A
u5008,294,CK2
u5009,294,TBK1
u5010,294,PIM1
u5011,294,RSK2
u5012,294,IRAK1
u5013,294,PDK1
u5014,294,IRAK4
u5015,294,FGF-R1
u5016,294,IR
u5017,294,JNK1
u5018,294,IRR
u5019,294,SGK1
u5020,294,PKA
u5021,294,STK33
u5022,294,CAMKK beta
u5023,294,DAPK1
u5024,294,CHK2
u5025,294,HIPK1
u5026,294,p38 gamma MAPK
u5027,294,HIPK3
u5028,294,BTK
u5029,294,MKK6
u5030,294,JNK2
u5031,294,JNK3
u5032,294,S6K1
u5033,294,Src
u5034,294,PDGFRA
u5035,294,MST3
u5036,294,IKK beta
u5037,294,TSSK1
u5038,294,PAK4
u5039,294,RIPK2
u5040,294,TTK
u5041,294,Lck
u5042,294,NEK2a
u5043,294,p38 delta MAPK
u5044,294,OSR1
u5045,294,EPH-A2
u5046,294,TLK1
u5047,294,EPH-B3
u5048,294,PKC zeta
u5049,294,EPH-B2
u5050,294,DDR2
u5051,294,p38 beta MAPK
u5052,294,CAMK1
u5053,294,CK1 gamma 2
u5054,294,PKC alpha
u5055,294,EIF2AK3
u5056,294,ABL
u5057,294,TIE2
u5058,294,BRK
u5059,294,EPH-B1
u5060,294,PRAK
u5061,294,PLK1
u5062,294,EPH-B4
u5063,294,PAK5
u5064,294,SYK
u5065,294,PKB alpha
u5066,294,EPH-A4
u5067,294,PAK6
u5068,294,YES1
u5069,294,PKC gamma
u5070,294,HER4
u5071,294,MAPKAP-K2
u5072,294,TESK1
u5073,294,LKB1
u5074,300,AMPK
u5075,300,MARK3
u5076,300,MARK4
u5077,300,DDR2
u5078,300,AMPK (hum)
u5079,300,NUAK1
u5080,300,FGF-R1
u5081,300,SIK2
u5082,300,IGF-1R
u5083,300,CLK2
u5084,300,MELK
u5085,300,SIK3
u5086,300,ULK2
u5087,300,Src
u5088,300,JAK2
u5089,300,EPH-A2
u5090,300,EPH-B1
u5091,300,IR
u5092,300,MLK1
u5093,300,CSK
u5094,300,Aurora B
u5095,300,MLK3
u5096,300,TAK1
u5097,300,Lck
u5098,300,EPH-A4
u5099,300,PKD1
u5100,300,MARK2
u5101,300,YES1
u5102,300,TrkA
u5103,300,VEGFR1
u5104,300,MST4
u5105,300,EPH-B4
u5106,300,STK33
u5107,300,TIE2
u5108,300,MST2
u5109,300,Aurora A
u5110,300,BTK
u5111,300,RSK1
u5112,300,CAMKK beta
u5113,300,PHK
u5114,300,TSSK1
u5115,300,MST3
u5116,300,EPH-B2
u5117,300,ERK8
u5118,300,ULK1
u5119,300,PDK1
u5120,300,CDK2-Cyclin A
u5121,300,MARK1
u5122,300,RSK2
u5123,300,IKK epsilon
u5124,300,MAP4K3
u5125,300,CHK1
u5126,300,PDGFRA
u5127,300,PAK5
u5128,300,OSR1
u5129,300,CDK9-Cyclin T1
u5130,300,ABL
u5131,300,PRK2
u5132,300,ERK2
u5133,300,PAK4
u5134,300,MAP4K5
u5135,300,TTK
u5136,300,MSK1
u5137,300,TAO1
u5138,300,IRAK4
u5139,300,DYRK1A
u5140,300,IRR
u5141,310,PAK4
u5142,310,MAP4K3
u5143,310,MLK3
u5144,310,HIPK1
u5145,310,PAK5
u5146,310,PAK6
u5147,310,MAP4K5
u5148,310,MLK1
u5149,310,TAK1
u5150,310,TAO1
u5151,310,TTBK1
u5152,310,PKD1
u5153,310,MARK3
u5154,310,JAK2
u5155,310,TTBK2
u5156,310,TSSK1
u5157,310,CK1 delta
u5158,310,CHK2
u5159,310,MINK1
u5160,310,MKK1
u5161,310,VEGFR1
u5162,310,EIF2AK3
u5163,310,CLK2
u5164,310,IKK epsilon
u5165,310,GSK3 beta
u5166,310,SmMLCK
u5167,310,NUAK1
u5168,310,p38 gamma MAPK
u5169,310,GCK
u5170,310,MARK1
u5171,310,MKK2
u5172,310,MARK4
u5173,310,HIPK2
u5174,310,MARK2
u5175,310,MKK6
u5176,310,PKB beta
u5177,310,ERK5
u5178,311,MLK3
u5179,311,MLK1
u5180,311,CHK2
u5181,311,SmMLCK
u5182,311,PIM3
u5183,311,VEGFR1
u5184,311,SRPK1
u5185,311,TBK1
u5186,311,IKK epsilon
u5187,311,IGF-1R
u5188,311,CK1 gamma 2
u5189,311,IR
u5190,311,CAMKK beta
u5191,311,DAPK1
u5192,311,MAP4K5
u5193,311,TrkA
u5194,313,GSK3 beta
u5195,313,NUAK1
u5196,313,PIM2
u5197,313,HIPK1
u5198,313,HIPK3
u5199,313,CLK2
u5200,313,GCK
u5201,313,Lck
u5202,313,DDR2
u5203,313,DYRK1A
u5204,313,TAK1
u5205,313,ERK8
u5206,313,RSK2
u5207,313,PKC gamma
u5208,313,DAPK1
u5209,313,CHK2
u5210,313,AMPK (hum)
u5211,313,TSSK1
u5212,313,CK2
u5213,313,DYRK2
u5214,313,DYRK3
u5215,313,PIM3
u5216,313,MAP4K3
u5217,313,MLK1
u5218,313,ABL
u5219,313,EPH-A4
u5220,313,EPH-B2
u5221,313,TrkA
u5222,313,VEGFR1
u5223,313,PHK
u5224,313,S6K1
u5225,313,PRK2
u5226,313,CAMKK beta
u5227,313,CDK2-Cyclin A
u5228,313,AMPK
u5229,313,BRSK1
u5230,313,BRSK2
u5231,313,SIK2
u5232,313,IKK epsilon
u5233,313,HIPK2
u5234,313,MINK1
u5235,313,MLK3
u5236,313,EPH-B4
u5237,313,IR
u5238,313,RSK1
u5239,313,MAP4K5
u5240,313,MKK1
u5241,313,PLK1
u5242,313,TAO1
u5243,313,IRAK1
u5244,313,TTK
u5245,313,JAK2
u5246,313,TIE2
u5247,313,MST2
u5248,313,RIPK2
u5249,313,ERK5
u5250,313,p38 delta MAPK
u5251,313,PDK1
u5252,313,CDK9-Cyclin T1
u5253,313,SIK3
u5254,313,ULK2
u5255,313,FGF-R1
u5256,313,HER4
u5257,313,IGF-1R
u5258,313,PIM1
u5259,313,EPH-A2
u5260,313,PDGFRA
u5261,313,MSK1
u5262,313,MST3
u5263,313,MST4
u5264,313,MPSK1
u5265,313,Src
u5266,313,MELK
u5267,313,EPH-B1
u5268,313,p38 beta MAPK
u5269,313,PKD1
u5270,313,SmMLCK
u5271,313,CK1 delta
u5272,313,TBK1
u5273,313,IRR
u5274,313,IRAK4
u5275,313,PKC alpha
u5276,313,EIF2AK3
u5277,313,ASK1
u5278,313,BTK
u5279,313,SYK
u5280,313,BRK
u5281,313,YES1
u5282,313,PAK4
u5283,313,CSK
u5284,313,EPH-B3
u5285,313,MKK2
u5286,313,JNK1
u5287,313,p38 alpha MAPK
u5288,313,STK33
u5289,313,Aurora A
u5290,313,CK1 gamma 2
u5291,313,SRPK1
u5292,313,CHK1
u5293,313,p38 gamma MAPK
u5294,313,SGK1
u5295,313,PKA
u5296,313,JNK3
u5297,313,MNK2
u5298,313,MARK3
u5299,313,MAPKAP-K2
u5300,313,Aurora B
u5301,313,MARK4
u5302,313,CAMK1
u5303,313,JNK2
u5304,313,PRAK
u5305,313,TGFBR1
u5306,313,PKC zeta
u5307,313,PAK5
u5308,313,MARK2
u5309,313,PKB beta
u5310,313,PKB alpha
u5311,313,MNK1
u5312,313,PAK6
u5313,313,MARK1
u5314,313,ULK1
u5315,313,IKK beta
u5316,313,OSR1
u5317,313,ROCK 2
u5318,314,JAK2
u5319,314,EPH-B1
u5320,314,MLK1
u5321,314,MLK3
u5322,314,PAK4
u5323,314,EPH-B2
u5324,314,ZAP70
u5325,314,IGF-1R
u5326,314,Lck
u5327,314,EPH-A2
u5328,314,EPH-A4
u5329,314,IR
u5330,314,DDR2
u5331,314,BTK
u5332,314,ULK1
u5333,314,CSK
u5334,314,YES1
u5335,314,IRR
u5336,314,NUAK1
u5337,314,IKK epsilon
u5338,314,EPH-B4
u5339,314,FGF-R1
u5340,314,Aurora B
u5341,314,JNK3
u5342,314,IRAK1
u5343,314,HER4
u5344,314,JNK2
u5345,314,S6K1
u5346,314,PAK5
u5347,314,AMPK (hum)
u5348,314,Aurora A
u5349,314,SGK1
u5350,314,ULK2
u5351,314,VEGFR1
u5352,314,EPH-B3
u5353,314,TrkA
u5354,314,ERK8
u5355,314,LKB1
u5356,314,SIK2
u5357,314,CLK2
u5358,314,Src
u5359,314,TSSK1
u5360,314,TESK1
u5361,315,PDGFRA
u5362,315,CLK2
u5363,317,RSK1
u5364,317,AMPK (hum)
u5365,317,MARK3
u5366,317,EIF2AK3
u5367,317,RSK2
u5368,317,PDK1
u5369,317,MARK2
u5370,317,SIK2
u5371,317,TSSK1
u5372,317,IKK epsilon
u5373,317,MAP4K3
u5374,317,MARK4
u5375,317,MST2
u5376,317,MAP4K5
u5377,317,MLK1
u5378,317,TrkA
u5379,317,MKK1
u5380,317,SIK3
u5381,317,JAK2
u5382,317,MARK1
u5383,317,GCK
u5384,317,MLK3
u5385,317,PDGFRA
u5386,317,MKK2
u5387,317,Aurora B
u5388,317,VEGFR1
u5389,317,PRK2
u5390,317,SYK
u5391,317,CHK1
u5392,317,PKR
u5393,317,S6K1
u5394,317,NUAK1
u5395,317,BRK
u5396,317,TIE2
u5397,317,MELK
u5398,317,CDK2-Cyclin A
u5399,317,TBK1
u5400,317,MINK1
u5401,317,TAO1
u5402,317,ULK2
u5403,317,BRSK2
u5404,317,PAK4
u5405,317,Lck
u5406,317,Src
u5407,317,PKA
u5408,317,PAK5
u5409,317,ROCK 2
u5410,317,IRAK4
u5411,317,DDR2
u5412,317,TLK1
u5413,317,DAPK1
u5414,317,p38 delta MAPK
u5415,317,PKD1
u5416,317,CLK2
u5417,317,MSK1
u5418,317,TAK1
u5419,317,STK33
u5420,317,TESK1
u5421,317,YES1
u5422,317,CHK2
u5423,317,PKC alpha
u5424,319,SYK
u5425,319,IGF-1R
u5426,319,CK1 delta
u5427,319,PIM1
u5428,319,PAK5
u5429,319,MLK1
u5430,319,CAMK1
u5431,319,PIM3
u5432,319,CLK2
u5433,319,GCK
u5434,319,Src
u5435,319,YES1
u5436,319,IR
u5437,319,MKK2
u5438,319,SIK2
u5439,319,PAK6
u5440,319,MAP4K3
u5441,319,BRK
u5442,319,EPH-B2
u5443,319,MKK1
u5444,319,ERK8
u5445,319,DAPK1
u5446,319,MLK3
u5447,319,MARK3
u5448,319,DYRK3
u5449,319,EPH-A4
u5450,319,TrkA
u5451,319,SmMLCK
u5452,319,IRAK4
u5453,319,MINK1
u5454,319,TAK1
u5455,319,Lck
u5456,319,CHK2
u5457,319,NUAK1
u5458,319,MST2
u5459,319,BTK
u5460,319,PRK2
u5461,319,ZAP70
u5462,319,PKD1
u5463,319,CHK1
u5464,319,PAK4
u5465,319,IRR
u5466,319,PINK
u5467,319,ERK2
u5468,319,JAK2
u5469,319,HER4
u5470,319,ERK5
u5471,319,TAO1
u5472,319,PKC alpha
u5473,319,TSSK1
u5474,319,MST3
u5475,319,TESK1
u5476,319,ERK1
u5477,319,MAP4K5
u5478,319,IRAK1
u5479,319,STK33
u5480,319,ULK1
u5481,319,PHK
u5482,319,SIK3
u5483,319,CDK2-Cyclin A
u5484,319,CAMKK beta
u5485,319,RIPK2
u5486,319,ROCK 2
u5487,319,AMPK (hum)
u5488,319,MELK
u5489,319,ULK2
u5490,319,CDK9-Cyclin T1
u5491,319,EPH-A2
u5492,319,PKC gamma
u5493,319,MARK2
u5494,319,MARK4
u5495,319,MST4
u5496,319,DDR2
u5497,319,RSK1
u5498,319,RSK2
u5499,319,CK1 gamma 2
u5500,319,IKK epsilon
u5501,319,MKK6
u5502,319,MNK2
u5503,319,LKB1
u5504,319,CK2
u5505,319,MARK1
u5506,319,PDGFRA
u5507,319,OSR1
u5508,319,p38 gamma MAPK
u5509,319,S6K1
u5510,319,EPH-B4
u5511,319,MSK1
u5512,319,GSK3 beta
u5513,319,JNK1
u5514,319,DYRK1A
u5515,319,NEK2a
u5516,319,EPH-B1
u5517,319,JNK2
u5518,319,JNK3
u5519,319,p38 delta MAPK
u5520,319,PAK2
u5521,319,TTK
u5522,319,CSK
u5523,319,PKB alpha
u5524,319,TTBK2
u5525,320,NUAK1
u5526,320,Aurora B
u5527,320,SIK2
u5528,320,MLK1
u5529,320,VEGFR1
u5530,320,MARK3
u5531,320,AMPK (hum)
u5532,320,MARK4
u5533,320,ERK8
u5534,320,PDK1
u5535,320,FGF-R1
u5536,320,MARK1
u5537,320,IRAK4
u5538,320,JAK2
u5539,320,MLK3
u5540,320,SIK3
u5541,320,GCK
u5542,320,CDK2-Cyclin A
u5543,320,MARK2
u5544,320,BRSK1
u5545,320,TBK1
u5546,320,BRSK2
u5547,320,CHK1
u5548,320,Aurora A
u5549,320,TAK1
u5550,320,ULK1
u5551,320,TrkA
u5552,320,CAMKK beta
u5553,320,CHK2
u5554,320,MAP4K3
u5555,320,MKK1
u5556,320,MKK2
u5557,320,SYK
u5558,320,IKK epsilon
u5559,320,CLK2
u5560,320,PDGFRA
u5561,320,PKA
u5562,320,MELK
u5563,320,MST2
u5564,320,PRK2
u5565,320,STK33
u5566,320,IR
u5567,320,MAP4K5
u5568,320,ABL
u5569,320,PKD1
u5570,320,BRK
u5571,320,BTK
u5572,320,RSK1
u5573,320,ULK2
u5574,320,YES1
u5575,320,Lck
u5576,320,RSK2
u5577,320,MNK2
u5578,320,TSSK1
u5579,320,IGF-1R
u5580,320,TAO1
u5581,320,ASK1
u5582,320,RIPK2
u5583,320,PHK
u5584,320,MST4
u5585,320,IRAK1
u5586,320,LKB1
u5587,320,MST3
u5588,321,ERK8
u5589,321,JAK2
u5590,321,Aurora B
u5591,321,TAK1
u5592,321,TAO1
u5593,323,CK1 delta
u5594,323,VEGFR1
u5595,324,VEGFR1
u5596,324,CK1 delta
u5597,324,Aurora B
u5598,324,RSK2
u5599,324,RSK1
u5600,327,Aurora B
u5601,327,BRSK2
u5602,327,DYRK3
u5603,327,MLK3
u5604,327,ERK2
u5605,327,TSSK1
u5606,327,PRAK
u5607,327,VEGFR1
u5608,327,MAP4K3
u5609,328,EPH-B1
u5610,328,ABL
u5611,328,DDR2
u5612,328,Lck
u5613,328,YES1
u5614,328,BTK
u5615,328,EPH-A2
u5616,328,EPH-B2
u5617,328,EPH-B3
u5618,328,Src
u5619,328,SIK2
u5620,328,SIK3
u5621,328,BRK
u5622,328,EPH-A4
u5623,328,MAP4K5
u5624,328,EPH-B4
u5625,328,PDGFRA
u5626,328,RIPK2
u5627,328,HER4
u5628,328,TESK1
u5629,328,CSK
u5630,328,p38 alpha MAPK
u5631,328,MLK3
u5632,328,MLK1
u5633,328,JAK2
u5634,328,p38 beta MAPK
u5635,329,ABL
u5636,329,EPH-B1
u5637,329,EPH-B2
u5638,329,MAP4K5
u5639,329,MAP4K3
u5640,329,MINK1
u5641,329,Src
u5642,329,Lck
u5643,329,YES1
u5644,329,BTK
u5645,329,EPH-A2
u5646,329,EPH-A4
u5647,329,EPH-B3
u5648,329,HER4
u5649,329,SIK3
u5650,329,EPH-B4
u5651,329,DDR2
u5652,329,SIK2
u5653,329,GCK
u5654,329,CSK
u5655,329,TAK1
u5656,329,IKK epsilon
u5657,329,MST4
u5658,329,TrkA
u5659,329,MLK3
u5660,329,CHK2
u5661,329,PHK
u5662,329,STK33
u5663,329,MST2
u5664,329,MLK1
u5665,329,MKK2
u5666,329,NUAK1
u5667,329,MST3
u5668,329,TSSK1
u5669,329,CLK2
u5670,329,IRAK4
u5671,329,AMPK (hum)
u5672,329,JAK2
u5673,329,CAMKK beta
u5674,329,SmMLCK
u5675,329,TBK1
u5676,329,MKK1
u5677,329,TLK1
u5678,329,ULK2
u5679,329,SYK
u5680,329,MARK3
u5681,329,HIPK2
u5682,329,ULK1
u5683,329,RIPK2
u5684,329,BRK
u5685,329,Aurora B
u5686,330,ERK8
u5687,330,TAK1
u5688,339,DYRK1A
u5689,339,CLK2
u5690,339,ERK8
u5691,339,PIM1
u5692,339,PRK2
u5693,339,GCK
u5694,339,DYRK2
u5695,339,DYRK3
u5696,339,MINK1
u5697,339,CDK2-Cyclin A
u5698,339,IRAK1
u5699,339,RIPK2
u5700,339,CAMKK beta
u5701,339,CHK2
u5702,339,TSSK1
u5703,339,ROCK 2
u5704,339,AMPK (hum)
u5705,339,NEK2a
u5706,339,p38 gamma MAPK
u5707,339,MAP4K3
u5708,339,MELK
u5709,339,NUAK1
u5710,339,CHK1
u5711,339,Aurora B
u5712,339,HIPK2
u5713,339,TAO1
u5714,339,SGK1
u5715,339,MNK2
u5716,339,SmMLCK
u5717,339,PIM3
u5718,339,RSK1
u5719,339,PKD1
u5720,339,S6K1
u5721,339,IKK epsilon
u5722,339,MKK1
u5723,339,HIPK1
u5724,339,HIPK3
u5725,339,CK2
u5726,339,TBK1
u5727,339,BRSK2
u5728,339,PKC gamma
u5729,339,PHK
u5730,339,MST4
u5731,339,VEGFR1
u5732,339,BRSK1
u5733,339,ERK5
u5734,339,MSK1
u5735,339,p38 delta MAPK
u5736,339,DAPK1
u5737,339,ASK1
u5738,339,ERK1
u5739,339,GSK3 beta
u5740,339,MLK3
u5741,339,STK33
u5742,339,MARK3
u5743,339,PAK4
u5744,339,MAP4K5
u5745,339,MKK2
u5746,339,RSK2
u5747,339,ULK2
u5748,339,MAPKAP-K2
u5749,339,IRAK4
u5750,339,JAK2
u5751,339,CDK9-Cyclin T1
u5752,339,MNK1
u5753,339,ERK2
u5754,339,PIM2
u5755,339,YES1
u5756,339,IGF-1R
u5757,339,ULK1
u5758,339,PKA
u5759,339,MARK1
u5760,339,MST2
u5761,339,CK1 gamma 2
u5762,340,PLK1
u5763,340,CAMKK beta
u5764,340,SmMLCK
u5765,340,CLK2
u5766,340,PKD1
u5767,341,MAP4K3
u5768,341,PHK
u5769,341,AMPK (hum)
u5770,341,MLK1
u5771,341,TrkA
u5772,341,CAMKK beta
u5773,341,NUAK1
u5774,341,MLK3
u5775,341,ULK2
u5776,341,PRK2
u5777,341,MST2
u5778,341,VEGFR1
u5779,341,CDK2-Cyclin A
u5780,341,SIK2
u5781,341,MAP4K5
u5782,341,MARK3
u5783,341,ERK8
u5784,341,RIPK2
u5785,341,DDR2
u5786,341,PDGFRA
u5787,341,SIK3
u5788,341,CDK9-Cyclin T1
u5789,341,GCK
u5790,341,RSK1
u5791,341,MARK1
u5792,341,MNK2
u5793,341,MINK1
u5794,341,Lck
u5795,341,Aurora B
u5796,341,MARK4
u5797,341,YES1
u5798,341,IRAK4
u5799,341,BRSK1
u5800,341,MARK2
u5801,341,DYRK1A
u5802,341,MKK2
u5803,341,MELK
u5804,341,MNK1
u5805,341,ROCK 2
u5806,341,ULK1
u5807,341,MKK1
u5808,341,BRSK2
u5809,341,MST3
u5810,341,TAK1
u5811,341,ABL
u5812,341,RSK2
u5813,341,TSSK1
u5814,341,DYRK3
u5815,341,IRAK1
u5816,341,CLK2
u5817,342,HER4
u5818,342,MAP4K5
u5819,342,CHK2
u5820,342,Src
u5821,343,SGK1
u5822,343,S6K1
u5823,343,MLK3
u5824,343,TIE2
u5825,343,MLK1
u5826,343,ERK8
u5827,343,PAK4
u5828,343,MAP4K5
u5829,343,CAMK1
u5830,344,SGK1
u5831,344,S6K1
u5832,344,TIE2
u5833,344,MLK3
u5834,344,HIPK2
u5835,344,MLK1
u5836,344,MSK1
u5837,344,PAK4
u5838,344,MAP4K5
u5839,344,ERK8
u5840,344,GCK
u5841,344,HIPK3
u5842,345,S6K1
u5843,345,SGK1
u5844,345,MLK3
u5845,345,MLK1
u5846,345,TIE2
u5847,345,GCK
u5848,345,MAP4K5
u5849,345,TAK1
u5850,345,Aurora B
u5851,345,MAP4K3
u5852,345,MSK1
u5853,345,PAK4
u5854,349,S6K1
u5855,349,SGK1
u5856,349,MLK3
u5857,349,MLK1
u5858,349,TIE2
u5859,349,MAP4K5
u5860,349,MAP4K3
u5861,349,MSK1
u5862,349,GCK
u5863,349,ERK8
u5864,349,Aurora B
u5865,349,HIPK2
u5866,349,TAK1
u5867,349,PAK4
u5868,349,RSK1
u5869,349,CHK2
u5870,350,SGK1
u5871,350,PKA
u5872,350,MSK1
u5873,350,PRK2
u5874,351,CLK2
u5875,351,TSSK1
u5876,351,NUAK1
u5877,351,JNK3
u5878,351,ASK1
u5879,351,CAMK1
u5880,351,CHK2
u5881,351,STK33
u5882,351,PRAK
u5883,351,SmMLCK
u5884,351,CAMKK beta
u5885,351,PHK
u5886,351,ERK5
u5887,351,JNK1
u5888,351,JNK2
u5889,351,AMPK (hum)
u5890,351,PIM3
u5891,351,PKD1
u5892,352,S6K1
u5893,352,RSK1
u5894,352,MSK1
u5895,352,MAP4K3
u5896,352,SGK1
u5897,352,MLK1
u5898,352,MELK
u5899,352,CAMK1
u5900,352,RSK2
u5901,352,CHK2
u5902,352,MLK3
u5903,352,IKK epsilon
u5904,352,PKB beta
u5905,352,STK33
u5906,352,PKD1
u5907,352,HIPK3
u5908,352,HIPK2
u5909,352,ERK8
u5910,353,S6K1
u5911,353,RSK1
u5912,353,SGK1
u5913,353,MSK1
u5914,353,CHK2
u5915,353,MELK
u5916,353,MLK1
u5917,353,MLK3
u5918,353,CAMK1
u5919,353,IKK epsilon
u5920,353,RSK2
u5921,353,MAP4K3
u5922,353,HIPK2
u5923,353,PKB beta
u5924,353,STK33
u5925,353,ERK8
u5926,354,MAP4K5
u5927,354,MINK1
u5928,354,PKD1
u5929,354,TSSK1
u5930,354,MAP4K3
u5931,354,TAK1
u5932,354,CAMK1
u5933,354,RIPK2
u5934,354,PDGFRA
u5935,354,TAO1
u5936,354,PAK4
u5937,354,MLK1
u5938,354,PAK5
u5939,354,MLK3
u5940,354,AMPK (hum)
u5941,355,S6K1
u5942,355,SGK1
u5943,355,CAMK1
u5944,355,MAP4K3
u5945,355,RSK1
u5946,355,CHK2
u5947,355,MELK
u5948,355,ERK8
u5949,355,MAP4K5
u5950,355,MSK1
u5951,355,PKD1
u5952,355,RSK2
u5953,355,TIE2
u5954,355,MLK3
u5955,355,MLK1
u5956,355,SmMLCK
u5957,355,AMPK (hum)
u5958,355,MKK2
u5959,355,IKK epsilon
u5960,355,HIPK2
u5961,356,S6K1
u5962,356,SGK1
u5963,356,MAP4K3
u5964,356,CAMK1
u5965,356,RSK1
u5966,356,CHK2
u5967,356,MLK1
u5968,356,MSK1
u5969,356,MLK3
u5970,356,MELK
u5971,356,PKD1
u5972,356,AMPK (hum)
u5973,356,TIE2
u5974,356,ERK8
u5975,356,MAP4K5
u5976,356,SmMLCK
u5977,356,RSK2
u5978,356,IKK epsilon
u5979,356,MKK2
u5980,356,ULK2
u5981,356,PKB alpha
u5982,356,HIPK2
u5983,356,MST4
u5984,357,WNK1
u5985,357,DYRK2
